mr,param,original,transformed,difference,percent_change,passed,status
BrightnessRelation,0.0,0.8,0.0,-0.8,-99.99987500015625,False,FAIL
BrightnessRelation,0.04081632653061224,0.8,0.03137254901960784,-0.7686274509803922,-96.07831127465992,False,FAIL
BrightnessRelation,0.08163265306122448,0.8,0.06274509803921569,-0.7372549019607844,-92.1567475491636,False,FAIL
BrightnessRelation,0.12244897959183673,0.8,0.09725490196078432,-0.7027450980392157,-87.84302745111763,False,FAIL
BrightnessRelation,0.16326530612244897,0.8,0.12862745098039213,-0.6713725490196079,-83.92146372562131,False,FAIL
BrightnessRelation,0.2040816326530612,0.8,0.1631372549019608,-0.6368627450980393,-79.60774362757536,False,FAIL
BrightnessRelation,0.24489795918367346,0.8,0.19450980392156864,-0.6054901960784314,-75.68617990207903,False,FAIL
BrightnessRelation,0.2857142857142857,0.8,0.22588235294117648,-0.5741176470588236,-71.76461617658273,False,FAIL
BrightnessRelation,0.32653061224489793,0.8,0.26039215686274514,-0.5396078431372549,-67.45089607853674,False,FAIL
BrightnessRelation,0.36734693877551017,0.8,0.291764705882353,-0.5082352941176471,-63.529332353040445,False,FAIL
BrightnessRelation,0.4081632653061224,0.8,0.3262745098039216,-0.47372549019607846,-59.21561225499449,False,FAIL
BrightnessRelation,0.44897959183673464,0.8,0.35764705882352943,-0.4423529411764706,-55.29404852949816,False,FAIL
BrightnessRelation,0.4897959183673469,0.8,0.38901960784313727,-0.4109803921568628,-51.372484804001836,False,FAIL
BrightnessRelation,0.5306122448979591,0.8,0.4235294117647059,-0.37647058823529417,-47.05876470595589,False,FAIL
BrightnessRelation,0.5714285714285714,0.8,0.4549019607843137,-0.3450980392156863,-43.13720098045956,False,FAIL
BrightnessRelation,0.6122448979591836,0.8,0.4894117647058823,-0.3105882352941177,-38.823480882413605,False,FAIL
BrightnessRelation,0.6530612244897959,0.8,0.5207843137254903,-0.27921568627450977,-34.90191715691727,False,FAIL
BrightnessRelation,0.6938775510204082,0.8,0.5521568627450981,-0.24784313725490192,-30.980353431420948,False,FAIL
BrightnessRelation,0.7346938775510203,0.8,0.5866666666666667,-0.21333333333333337,-26.666633333375,False,FAIL
BrightnessRelation,0.7755102040816326,0.8,0.6180392156862745,-0.18196078431372553,-22.74506960787868,False,FAIL
BrightnessRelation,0.8163265306122448,0.8,0.6525490196078432,-0.14745098039215687,-18.43134950983272,False,FAIL
BrightnessRelation,0.8571428571428571,0.8,0.683921568627451,-0.11607843137254903,-14.509785784336396,False,FAIL
BrightnessRelation,0.8979591836734693,0.8,0.7152941176470589,-0.08470588235294119,-10.588222058840074,False,FAIL
BrightnessRelation,0.9387755102040816,0.8,0.7498039215686274,-0.05019607843137264,-6.274501960794128,False,FAIL
BrightnessRelation,0.9795918367346939,0.8,0.7811764705882352,-0.018823529411764794,-2.352938235297805,True,PASS
BrightnessRelation,1.0204081632653061,0.8,0.8,0.0,0.0,True,PASS
BrightnessRelation,1.0612244897959182,0.8,0.8,0.0,0.0,True,PASS
BrightnessRelation,1.1020408163265305,0.8,0.8,0.0,0.0,True,PASS
BrightnessRelation,1.1428571428571428,0.8,0.8,0.0,0.0,True,PASS
BrightnessRelation,1.183673469387755,0.8,0.8,0.0,0.0,True,PASS
BrightnessRelation,1.2244897959183672,0.8,0.8,0.0,0.0,True,PASS
BrightnessRelation,1.2653061224489794,0.8,0.8,0.0,0.0,True,PASS
BrightnessRelation,1.3061224489795917,0.8,0.8,0.0,0.0,True,PASS
BrightnessRelation,1.346938775510204,0.8,0.8,0.0,0.0,True,PASS
BrightnessRelation,1.3877551020408163,0.8,0.8,0.0,0.0,True,PASS
BrightnessRelation,1.4285714285714284,0.8,0.8,0.0,0.0,True,PASS
BrightnessRelation,1.4693877551020407,0.8,0.8,0.0,0.0,True,PASS
BrightnessRelation,1.510204081632653,0.8,0.8,0.0,0.0,True,PASS
BrightnessRelation,1.5510204081632653,0.8,0.8,0.0,0.0,True,PASS
BrightnessRelation,1.5918367346938773,0.8,0.8,0.0,0.0,True,PASS
BrightnessRelation,1.6326530612244896,0.8,0.8,0.0,0.0,True,PASS
BrightnessRelation,1.673469387755102,0.8,0.8,0.0,0.0,True,PASS
BrightnessRelation,1.7142857142857142,0.8,0.8,0.0,0.0,True,PASS
BrightnessRelation,1.7551020408163265,0.8,0.8,0.0,0.0,True,PASS
BrightnessRelation,1.7959183673469385,0.8,0.8,0.0,0.0,True,PASS
BrightnessRelation,1.8367346938775508,0.8,0.8,0.0,0.0,True,PASS
BrightnessRelation,1.8775510204081631,0.8,0.8,0.0,0.0,True,PASS
BrightnessRelation,1.9183673469387754,0.8,0.8,0.0,0.0,True,PASS
BrightnessRelation,1.9591836734693877,0.8,0.8,0.0,0.0,True,PASS
BrightnessRelation,2.0,0.8,0.8,0.0,0.0,True,PASS
RotationRelation,-15.0,0.8,0.6925113725490195,-0.10748862745098053,-13.436061636295522,True,PASS
RotationRelation,-14.387755102040817,0.8,0.6975898039215687,-0.10241019607843138,-12.801258508230786,True,PASS
RotationRelation,-13.775510204081632,0.8,0.7024901960784313,-0.09750980392156872,-12.18871025430827,True,PASS
RotationRelation,-13.16326530612245,0.8,0.7071168627450981,-0.09288313725490194,-11.610377643890686,True,PASS
RotationRelation,-12.551020408163264,0.8,0.7113772549019608,-0.08862274509803925,-11.077829289968292,True,PASS
RotationRelation,-11.938775510204081,0.8,0.7153678431372548,-0.08463215686274528,-10.579006384085178,True,PASS
RotationRelation,-11.326530612244898,0.8,0.718996862745098,-0.08100313725490205,-10.125379500138381,True,PASS
RotationRelation,-10.714285714285715,0.8,0.7225913725490196,-0.07740862745098043,-9.676066336289631,True,PASS
RotationRelation,-10.10204081632653,0.8,0.7263019607843137,-0.0736980392156863,-9.212243386656553,True,PASS
RotationRelation,-9.489795918367346,0.8,0.7301090196078431,-0.06989098039215691,-8.736361628567577,True,PASS
RotationRelation,-8.877551020408163,0.8,0.7337913725490196,-0.06620862745098044,-8.276068086287447,True,PASS
RotationRelation,-8.26530612244898,0.8,0.737916862745098,-0.062083137254902,-7.760382456384679,True,PASS
RotationRelation,-7.653061224489796,0.8,0.7419427450980393,-0.058057254901960786,-7.257147791310359,True,PASS
RotationRelation,-7.040816326530612,0.8,0.7460541176470588,-0.05394588235294129,-6.743226865084079,True,PASS
RotationRelation,-6.428571428571429,0.8,0.7502533333333334,-0.049746666666666606,-6.218325560426374,True,PASS
RotationRelation,-5.816326530612244,0.8,0.7545796078431373,-0.04542039215686278,-5.677541922680443,True,PASS
RotationRelation,-5.204081632653061,0.8,0.7589921568627451,-0.04100784313725492,-5.1259739846893835,True,PASS
RotationRelation,-4.591836734693878,0.8,0.7634258823529412,-0.03657411764705887,-4.57175899118362,True,PASS
RotationRelation,-3.979591836734693,0.8,0.7679843137254903,-0.03201568627450979,-4.001955781868996,True,PASS
RotationRelation,-3.36734693877551,0.8,0.7726329411764706,-0.02736705882352941,-3.42087807684358,True,PASS
RotationRelation,-2.7551020408163254,0.8,0.7774062745098039,-0.022593725490196115,-2.8242121560093194,True,PASS
RotationRelation,-2.1428571428571423,0.8,0.7822572549019607,-0.017742745098039303,-2.2178403649544562,True,PASS
RotationRelation,-1.5306122448979593,0.8,0.7872070588235294,-0.012792941176470674,-1.5991156481642739,True,PASS
RotationRelation,-0.9183673469387745,0.8,0.7922517647058824,-0.007748235294117611,-0.96852820110445,True,PASS
RotationRelation,-0.3061224489795915,0.8,0.7973811764705883,-0.0026188235294117845,-0.32735253198580805,True,PASS
RotationRelation,0.3061224489795915,0.8,0.7974305882352941,-0.002569411764705931,-0.32117606911815494,True,PASS
RotationRelation,0.9183673469387763,0.8,0.7924133333333334,-0.0075866666666666305,-0.9483321479181439,True,PASS
RotationRelation,1.5306122448979593,0.8,0.7874556862745098,-0.012544313725490253,-1.5680372556397117,True,PASS
RotationRelation,2.1428571428571423,0.8,0.7826360784313726,-0.017363921568627427,-2.1704874829690746,True,PASS
RotationRelation,2.7551020408163254,0.8,0.7778784313725491,-0.02212156862745096,-2.7651926219405922,True,PASS
RotationRelation,3.367346938775512,0.8,0.7732188235294118,-0.026781176470588197,-3.3476428742699316,True,PASS
RotationRelation,3.979591836734695,0.8,0.7686745098039216,-0.03132549019607844,-3.91568137990808,True,PASS
RotationRelation,4.591836734693878,0.8,0.7642149019607843,-0.0357850980392157,-4.473131663487383,True,PASS
RotationRelation,5.204081632653061,0.8,0.7598909803921569,-0.04010901960784319,-5.013621183953918,True,PASS
RotationRelation,5.816326530612244,0.8,0.7555937254901961,-0.044406274509803945,-5.550777375253774,True,PASS
RotationRelation,6.428571428571431,0.8,0.7513756862745098,-0.048624313725490254,-6.078031618146759,True,PASS
RotationRelation,7.040816326530614,0.8,0.7472580392156863,-0.0527419607843137,-6.59273685711814,True,PASS
RotationRelation,7.653061224489797,0.8,0.7432470588235294,-0.05675294117647067,-7.094108779422859,True,PASS
RotationRelation,8.26530612244898,0.8,0.7393254901960784,-0.06067450980392164,-7.584304245109898,True,PASS
RotationRelation,8.877551020408163,0.8,0.7352141176470588,-0.06478588235294125,-8.09822517133619,True,PASS
RotationRelation,9.48979591836735,0.8,0.7317388235294118,-0.06826117647058827,-8.53263639302804,True,PASS
RotationRelation,10.102040816326532,0.8,0.7280549019607843,-0.07194509803921578,-8.993126013494456,True,PASS
RotationRelation,10.714285714285715,0.8,0.7244541176470589,-0.07554588235294113,-9.443223490088277,True,PASS
RotationRelation,11.326530612244898,0.8,0.7209701960784314,-0.07902980392156866,-9.878713141804655,True,PASS
RotationRelation,11.938775510204081,0.8,0.7172752941176471,-0.08272470588235292,-10.340575309574977,True,PASS
RotationRelation,12.551020408163264,0.8,0.7131898039215687,-0.08681019607843132,-10.851260945727732,True,PASS
RotationRelation,13.163265306122451,0.8,0.7087984313725489,-0.0912015686274511,-11.400181828204103,True,PASS
RotationRelation,13.775510204081634,0.8,0.7041145098039215,-0.0958854901960785,-11.985671292420697,True,PASS
RotationRelation,14.387755102040817,0.8,0.6990760784313725,-0.1009239215686275,-12.615474426735403,True,PASS
RotationRelation,15.0,0.8,0.6938901960784314,-0.10610980392156866,-13.263708910559943,True,PASS
TranslationRelation,0.0,0.8,0.8,0.0,0.0,True,PASS
TranslationRelation,0.40816326530612246,0.8,0.791843137254902,-0.008156862745098081,-1.0196065686290492,True,PASS
TranslationRelation,0.8163265306122449,0.8,0.783764705882353,-0.016235294117647014,-2.0294092279443414,True,PASS
TranslationRelation,1.2244897959183674,0.8,0.775607843137255,-0.024392156862745096,-3.049015796573391,True,PASS
TranslationRelation,1.6326530612244898,0.8,0.7675294117647059,-0.03247058823529414,-4.058818455888697,True,PASS
TranslationRelation,2.0408163265306123,0.8,0.7593725490196078,-0.04062745098039222,-5.078425024517746,True,PASS
TranslationRelation,2.4489795918367347,0.8,0.7512156862745099,-0.04878431372549019,-6.098031593146782,True,PASS
TranslationRelation,2.857142857142857,0.8,0.7431372549019608,-0.056862745098039236,-7.107834252462088,True,PASS
TranslationRelation,3.2653061224489797,0.8,0.7349803921568627,-0.06501960784313732,-8.127440821091138,True,PASS
TranslationRelation,3.673469387755102,0.8,0.7262745098039215,-0.07372549019607855,-9.215674754916375,True,PASS
TranslationRelation,4.081632653061225,0.8,0.7181176470588235,-0.08188235294117652,-10.235281323545408,True,PASS
TranslationRelation,4.4897959183673475,0.8,0.7100392156862745,-0.08996078431372556,-11.245083982860715,True,PASS
TranslationRelation,4.8979591836734695,0.8,0.7018823529411764,-0.09811764705882364,-12.264690551489766,True,PASS
TranslationRelation,5.3061224489795915,0.8,0.6937254901960784,-0.10627450980392161,-13.2842971201188,True,PASS
TranslationRelation,5.714285714285714,0.8,0.6856470588235294,-0.11435294117647066,-14.294099779434108,True,PASS
TranslationRelation,6.122448979591837,0.8,0.6774901960784313,-0.12250980392156874,-15.313706348063155,True,PASS
TranslationRelation,6.530612244897959,0.8,0.6694117647058823,-0.13058823529411778,-16.323509007378462,True,PASS
TranslationRelation,6.938775510204081,0.8,0.6612549019607843,-0.13874509803921575,-17.3431155760075,True,PASS
TranslationRelation,7.346938775510204,0.8,0.6530980392156862,-0.14690196078431383,-18.36272214463655,True,PASS
TranslationRelation,7.755102040816327,0.8,0.6450196078431372,-0.15498039215686288,-19.372524803951855,False,FAIL
TranslationRelation,8.16326530612245,0.8,0.6368627450980392,-0.16313725490196085,-20.392131372580888,False,FAIL
TranslationRelation,8.571428571428571,0.8,0.6287843137254903,-0.17121568627450978,-21.40193403189618,False,FAIL
TranslationRelation,8.979591836734695,0.8,0.6206274509803921,-0.17937254901960797,-22.421540600525244,False,FAIL
TranslationRelation,9.387755102040817,0.8,0.6124705882352941,-0.18752941176470594,-23.44114716915428,False,FAIL
TranslationRelation,9.795918367346939,0.8,0.6043921568627452,-0.19560784313725488,-24.45094982846957,False,FAIL
TranslationRelation,10.204081632653061,0.8,0.5956078431372549,-0.20439215686274514,-25.548987671608554,False,FAIL
TranslationRelation,10.612244897959183,0.8,0.5875294117647059,-0.2124705882352942,-26.55879033092386,False,FAIL
TranslationRelation,11.020408163265307,0.8,0.5793725490196079,-0.22062745098039216,-27.578396899552892,False,FAIL
TranslationRelation,11.428571428571429,0.8,0.5712156862745098,-0.22878431372549024,-28.598003468181943,False,FAIL
TranslationRelation,11.83673469387755,0.8,0.5631372549019608,-0.23686274509803928,-29.60780612749725,False,FAIL
TranslationRelation,12.244897959183675,0.8,0.5549803921568628,-0.24501960784313725,-30.62741269612628,False,FAIL
TranslationRelation,12.653061224489797,0.8,0.5469019607843137,-0.2530980392156863,-31.63721535544159,False,FAIL
TranslationRelation,13.061224489795919,0.8,0.5387450980392157,-0.2612549019607844,-32.65682192407064,False,FAIL
TranslationRelation,13.46938775510204,0.8,0.5305882352941177,-0.26941176470588235,-33.67642849269967,False,FAIL
TranslationRelation,13.877551020408163,0.8,0.5225098039215686,-0.2774901960784314,-34.686231152014976,False,FAIL
TranslationRelation,14.285714285714286,0.8,0.5143529411764706,-0.2856470588235295,-35.70583772064403,False,FAIL
TranslationRelation,14.693877551020408,0.8,0.5062745098039215,-0.2937254901960785,-36.71564037995934,False,FAIL
TranslationRelation,15.10204081632653,0.8,0.4981176470588235,-0.30188235294117655,-37.73524694858838,False,FAIL
TranslationRelation,15.510204081632654,0.8,0.4900392156862745,-0.30996078431372553,-38.74504960790368,False,FAIL
TranslationRelation,15.918367346938776,0.8,0.48188235294117643,-0.3181176470588236,-39.764656176532725,False,FAIL
TranslationRelation,16.3265306122449,0.8,0.4737254901960784,-0.32627450980392164,-40.78426274516177,False,FAIL
TranslationRelation,16.73469387755102,0.8,0.4656470588235294,-0.33435294117647063,-41.794065404477074,False,FAIL
TranslationRelation,17.142857142857142,0.8,0.4568627450980392,-0.34313725490196084,-42.89210324761604,False,FAIL
TranslationRelation,17.551020408163264,0.8,0.4487843137254902,-0.35121568627450983,-43.90190590693134,False,FAIL
TranslationRelation,17.95918367346939,0.8,0.44062745098039213,-0.3593725490196079,-44.92151247556039,False,FAIL
TranslationRelation,18.367346938775512,0.8,0.4324705882352941,-0.36752941176470594,-45.941119044189435,False,FAIL
TranslationRelation,18.775510204081634,0.8,0.4243921568627451,-0.3756078431372549,-46.95092170350473,False,FAIL
TranslationRelation,19.183673469387756,0.8,0.41623529411764704,-0.383764705882353,-47.970528272133784,False,FAIL
TranslationRelation,19.591836734693878,0.8,0.40815686274509805,-0.391843137254902,-48.98033093144908,False,FAIL
TranslationRelation,20.0,0.8,0.4,-0.4,-49.999937500078126,False,FAIL
NoiseRelation,0.0,0.8,0.8,0.0,0.0,True,PASS
NoiseRelation,1.0204081632653061,0.8,0.7978993464052287,-0.0021006535947712957,-0.26258137111969804,True,PASS
NoiseRelation,2.0408163265306123,0.8,0.7962366013071895,-0.0037633986928105045,-0.47042424857100235,True,PASS
NoiseRelation,3.0612244897959187,0.8,0.7946337254901962,-0.00536627450980387,-0.6707834752461397,True,PASS
NoiseRelation,4.081632653061225,0.8,0.79304522875817,-0.006954771241830082,-0.869345318547112,True,PASS
NoiseRelation,5.1020408163265305,0.8,0.791444183006536,-0.008555816993464083,-1.069475787338276,True,PASS
NoiseRelation,6.122448979591837,0.8,0.7898360784313725,-0.010163921568627554,-1.2704886079676843,True,PASS
NoiseRelation,7.142857142857143,0.8,0.7881861437908497,-0.01181385620915032,-1.4767301802310646,True,PASS
NoiseRelation,8.16326530612245,0.8,0.7866705882352941,-0.013329411764705923,-1.6661743878702555,True,PASS
NoiseRelation,9.183673469387756,0.8,0.7851769934640523,-0.014823006535947703,-1.8528735009015866,True,PASS
NoiseRelation,10.204081632653061,0.8,0.783597908496732,-0.01640209150326799,-2.050258875084905,True,PASS
NoiseRelation,11.224489795918368,0.8,0.7815623529411764,-0.01843764705882367,-2.3047030014742065,True,PASS
NoiseRelation,12.244897959183675,0.8,0.7800909803921569,-0.019909019607843192,-2.4886243401999733,True,PASS
NoiseRelation,13.26530612244898,0.8,0.7786583006535948,-0.021341699346405285,-2.6677090836643056,True,PASS
NoiseRelation,14.285714285714286,0.8,0.7776081045751634,-0.02239189542483666,-2.798983429375296,True,PASS
NoiseRelation,15.306122448979592,0.8,0.7756577777777778,-0.024342222222222265,-3.042773974310315,True,PASS
NoiseRelation,16.3265306122449,0.8,0.7738998692810458,-0.02610013071895423,-3.262512261728951,True,PASS
NoiseRelation,17.346938775510203,0.8,0.772804183006536,-0.027195816993464073,-3.3994728748419156,True,PASS
NoiseRelation,18.367346938775512,0.8,0.7704284967320262,-0.029571503267973864,-3.6964332879551227,True,PASS
NoiseRelation,19.387755102040817,0.8,0.769561045751634,-0.030438954248366068,-3.8048645249651023,True,PASS
NoiseRelation,20.408163265306122,0.8,0.7680271895424837,-0.03197281045751632,-3.9965963114441507,True,PASS
NoiseRelation,21.42857142857143,0.8,0.7661150326797386,-0.03388496732026147,-4.235615620513157,True,PASS
NoiseRelation,22.448979591836736,0.8,0.7644209150326797,-0.03557908496732032,-4.447380061689962,True,PASS
NoiseRelation,23.46938775510204,0.8,0.7633670588235293,-0.03663294117647076,-4.579111923168941,True,PASS
NoiseRelation,24.48979591836735,0.8,0.7620515032679739,-0.03794849673202616,-4.743556162058067,True,PASS
NoiseRelation,25.510204081632654,0.8,0.7598405228758169,-0.04015947712418311,-5.019928365612431,True,PASS
NoiseRelation,26.53061224489796,0.8,0.7587202614379085,-0.04127973856209155,-5.159960870310355,True,PASS
NoiseRelation,27.551020408163264,0.8,0.7562954248366012,-0.04370457516339887,-5.463065066593526,True,PASS
NoiseRelation,28.571428571428573,0.8,0.7561649673202614,-0.04383503267973865,-5.479372235752036,True,PASS
NoiseRelation,29.591836734693878,0.8,0.7537294117647059,-0.046270588235294174,-5.783816299641396,True,PASS
NoiseRelation,30.612244897959183,0.8,0.7521900653594771,-0.047809934640522966,-5.976234359772421,True,PASS
NoiseRelation,31.63265306122449,0.8,0.7512078431372549,-0.048792156862745184,-6.099011984078167,True,PASS
NoiseRelation,32.6530612244898,0.8,0.7485192156862746,-0.05148078431372549,-6.435089995353192,True,PASS
NoiseRelation,33.673469387755105,0.8,0.747924705882353,-0.052075294117647,-6.50940362795134,True,PASS
NoiseRelation,34.69387755102041,0.8,0.746032156862745,-0.053967843137255,-6.745971959691925,True,PASS
NoiseRelation,35.714285714285715,0.8,0.7448904575163399,-0.05510954248366018,-6.888684199602273,True,PASS
NoiseRelation,36.734693877551024,0.8,0.7426535947712418,-0.057346405228758224,-7.168291693230161,True,PASS
NoiseRelation,37.755102040816325,0.8,0.7405458823529412,-0.05945411764705888,-7.431755416188089,True,PASS
NoiseRelation,38.775510204081634,0.8,0.7390517647058824,-0.060948235294117636,-7.618519888614843,True,PASS
NoiseRelation,39.79591836734694,0.8,0.7374324183006535,-0.06256758169934651,-7.820937936245892,True,PASS
NoiseRelation,40.816326530612244,0.8,0.7370279738562092,-0.06297202614379083,-7.871493428607066,True,PASS
NoiseRelation,41.83673469387755,0.8,0.7349456209150327,-0.06505437908496736,-8.131787220886894,True,PASS
NoiseRelation,42.85714285714286,0.8,0.7341197385620916,-0.06588026143790848,-8.235022385960578,True,PASS
NoiseRelation,43.87755102040816,0.8,0.730877385620915,-0.06912261437908507,-8.640315996990637,True,PASS
NoiseRelation,44.89795918367347,0.8,0.7301362091503267,-0.06986379084967331,-8.73296294000549,True,PASS
NoiseRelation,45.91836734693878,0.8,0.7285383006535947,-0.07146169934640534,-8.932701252424101,True,PASS
NoiseRelation,46.93877551020408,0.8,0.7279380392156862,-0.07206196078431382,-9.007733838371928,True,PASS
NoiseRelation,47.95918367346939,0.8,0.7254073202614378,-0.0745926797385622,-9.324073312228634,True,PASS
NoiseRelation,48.9795918367347,0.8,0.7232886274509804,-0.07671137254901961,-9.588909582490473,True,PASS
NoiseRelation,50.0,0.8,0.7204622222222222,-0.07953777777777782,-9.942209794459982,True,PASS
