sample_id,mr,param,original,transformed,difference,percent_change,passed
0,BrightnessRelation,0.1,-1.6304872035980225,-1.635307788848877,0.004820585250854492,0.2956528750233725,True
0,BrightnessRelation,0.825,-1.6304872035980225,-1.6314376592636108,0.0009504556655883789,0.05829270420301075,True
0,BrightnessRelation,1.55,-1.6304872035980225,-1.6279650926589966,0.002522110939025879,0.15468440271204045,True
0,BrightnessRelation,2.275,-1.6304872035980225,-1.6274397373199463,0.003047466278076172,0.1869051411320415,True
0,BrightnessRelation,3.0,-1.6304872035980225,-1.6278657913208008,0.0026214122772216797,0.1607746852407132,True
0,RotationRelation,-60.0,-1.6304872035980225,-1.631699562072754,0.0012123584747314453,0.07435555020000242,True
0,RotationRelation,-30.0,-1.6304872035980225,-1.63371741771698,0.0032302141189575195,0.19811330813859054,True
0,RotationRelation,0.0,-1.6304872035980225,-1.6304887533187866,1.5497207641601562e-06,9.504642601770222e-05,True
0,RotationRelation,30.0,-1.6304872035980225,-1.627158761024475,0.0033284425735473633,0.20413778929540488,True
0,RotationRelation,60.0,-1.6304872035980225,-1.6294387578964233,0.001048445701599121,0.06430256283274546,True
0,TranslationRelation,0.0,-1.6304872035980225,-1.6304887533187866,1.5497207641601562e-06,9.504642601770222e-05,True
0,TranslationRelation,20.0,-1.6304872035980225,-1.6311402320861816,0.0006530284881591797,0.04005110167115175,True
0,TranslationRelation,40.0,-1.6304872035980225,-1.631542682647705,0.0010554790496826172,0.06473392738159503,True
0,TranslationRelation,60.0,-1.6304872035980225,-1.6298000812530518,0.0006871223449707031,0.042142123043541195,True
0,TranslationRelation,80.0,-1.6304872035980225,-1.629575252532959,0.0009119510650634766,0.05593116607964785,True
0,NoiseRelation,0.0,-1.6304872035980225,-1.6304887533187866,1.5497207641601562e-06,9.504642601770222e-05,True
0,NoiseRelation,37.5,-1.6304872035980225,-1.6303867101669312,0.0001004934310913086,0.006163395164070997,True
0,NoiseRelation,75.0,-1.6304872035980225,-1.6304538249969482,3.337860107421875e-05,0.002047153791150509,True
0,NoiseRelation,112.5,-1.6304872035980225,-1.630469799041748,1.7404556274414062e-05,0.001067444476814194,True
0,NoiseRelation,150.0,-1.6304872035980225,-1.6306135654449463,0.00012636184692382812,0.007749939352212642,True
0,BlurRelation,1.0,-1.6304872035980225,-1.6304887533187866,1.5497207641601562e-06,9.504642601770222e-05,True
0,BlurRelation,8.5,-1.6304872035980225,-1.6304141283035278,7.30752944946289e-05,0.004481804549911651,True
0,BlurRelation,16.0,-1.6304872035980225,-1.630415678024292,7.152557373046875e-05,0.004386758123893948,True
0,BlurRelation,23.5,-1.6304872035980225,-1.630413293838501,7.390975952148438e-05,0.004532983394690413,True
0,BlurRelation,31.0,-1.6304872035980225,-1.630420207977295,6.699562072753906e-05,0.004108930109380665,True
0,ContrastRelation,0.1,-1.6304872035980225,-1.635307788848877,0.004820585250854492,0.2956528750233725,True
0,ContrastRelation,1.075,-1.6304872035980225,-1.6300933361053467,0.00039386749267578125,0.02415641473557601,True
0,ContrastRelation,2.05,-1.6304872035980225,-1.627392053604126,0.0030951499938964844,0.1898296465479708,True
0,ContrastRelation,3.025,-1.6304872035980225,-1.6278733015060425,0.0026139020919799805,0.16031407563770436,True
0,ContrastRelation,4.0,-1.6304872035980225,-1.6281203031539917,0.0023669004440307617,0.14516513758319058,True
0,RainRelation,0.0,-1.6304872035980225,-1.6326230764389038,0.0021358728408813477,0.13099590884301313,True
0,RainRelation,0.375,-1.6304872035980225,-1.6324028968811035,0.0019156932830810547,0.11749200508495959,True
0,RainRelation,0.75,-1.6304872035980225,-1.632705569267273,0.0022183656692504883,0.1360553032125708,True
0,RainRelation,1.125,-1.6304872035980225,-1.6321251392364502,0.0016379356384277344,0.10045676103717141,True
0,RainRelation,1.5,-1.6304872035980225,-1.6311980485916138,0.0007108449935913086,0.04359706448796603,True
0,SnowRelation,0.0,-1.6304872035980225,-1.6321061849594116,0.0016189813613891602,0.09929427013433952,True
0,SnowRelation,0.375,-1.6304872035980225,-1.630888819694519,0.00040161609649658203,0.024631646865664523,True
0,SnowRelation,0.75,-1.6304872035980225,-1.6297056674957275,0.0007815361022949219,0.04793264376708121,True
0,SnowRelation,1.125,-1.6304872035980225,-1.6285324096679688,0.001954793930053711,0.11989009952602162,True
0,SnowRelation,1.5,-1.6304872035980225,-1.6276763677597046,0.002810835838317871,0.17239228300549236,True
0,FogRelation,0.0,-1.6304872035980225,-1.6304290294647217,5.817413330078125e-05,0.003567896607433745,True
0,FogRelation,0.375,-1.6304872035980225,-1.6288542747497559,0.0016329288482666016,0.10014968796849884,True
0,FogRelation,0.75,-1.6304872035980225,-1.62807297706604,0.002414226531982422,0.1480677092085004,True
0,FogRelation,1.125,-1.6304872035980225,-1.62807297706604,0.002414226531982422,0.1480677092085004,True
0,FogRelation,1.5,-1.6304872035980225,-1.62807297706604,0.002414226531982422,0.1480677092085004,True
0,DarkVisibiltyRelation,0.05,-1.6304872035980225,-1.630383014678955,0.00010418891906738281,0.006390044333805519,True
0,DarkVisibiltyRelation,0.4125,-1.6304872035980225,-1.629509687423706,0.0009775161743164062,0.05995236102655063,True
0,DarkVisibiltyRelation,0.775,-1.6304872035980225,-1.628636360168457,0.0018508434295654297,0.11351467771929574,True
0,DarkVisibiltyRelation,1.1375,-1.6304872035980225,-1.62807297706604,0.002414226531982422,0.1480677092085004,True
0,DarkVisibiltyRelation,1.5,-1.6304872035980225,-1.62807297706604,0.002414226531982422,0.1480677092085004,True
0,DarkVisibiltyRelation,0.05,-1.6304872035980225,-1.6355774402618408,0.005090236663818359,0.31219095315045264,True
0,DarkVisibiltyRelation,0.4125,-1.6304872035980225,-1.6336395740509033,0.0031523704528808594,0.19333905304708596,True
0,DarkVisibiltyRelation,0.775,-1.6304872035980225,-1.6317061185836792,0.0012189149856567383,0.0747576696946927,True
0,DarkVisibiltyRelation,1.1375,-1.6304872035980225,-1.6297576427459717,0.0007295608520507812,0.04474493286371827,True
0,DarkVisibiltyRelation,1.5,-1.6304872035980225,-1.6281284093856812,0.0023587942123413086,0.1446679716624826,True
0,TemporalSmoothnessRelation,0.0,-1.6304872035980225,-1.630592703819275,0.0001055002212524414,0.0,True
1,BrightnessRelation,0.1,-1.630592703819275,-1.6353187561035156,0.004726052284240723,0.2898362892712684,True
1,BrightnessRelation,0.825,-1.630592703819275,-1.631522297859192,0.0009295940399169922,0.05700954429908818,True
1,BrightnessRelation,1.55,-1.630592703819275,-1.6286003589630127,0.001992344856262207,0.12218524158382416,True
1,BrightnessRelation,2.275,-1.630592703819275,-1.628523826599121,0.0020688772201538086,0.12687876908318482,True
1,BrightnessRelation,3.0,-1.630592703819275,-1.6285933256149292,0.001999378204345703,0.12261657822317351,True
1,RotationRelation,-60.0,-1.630592703819275,-1.6324286460876465,0.001835942268371582,0.11259348445117427,True
1,RotationRelation,-30.0,-1.630592703819275,-1.6350774765014648,0.004484772682189941,0.2750392493044366,True
1,RotationRelation,0.0,-1.630592703819275,-1.630594253540039,1.5497207641601562e-06,9.504027646680512e-05,True
1,RotationRelation,30.0,-1.630592703819275,-1.6308835744857788,0.00029087066650390625,0.017838328813769577,True
1,RotationRelation,60.0,-1.630592703819275,-1.627760887145996,0.0028318166732788086,0.17366782826684274,True
1,TranslationRelation,0.0,-1.630592703819275,-1.630594253540039,1.5497207641601562e-06,9.504027646680512e-05,True
1,TranslationRelation,20.0,-1.630592703819275,-1.628269910812378,0.0023227930068969727,0.14245075284274597,True
1,TranslationRelation,40.0,-1.630592703819275,-1.6277828216552734,0.002809882164001465,0.1723226428153126,True
1,TranslationRelation,60.0,-1.630592703819275,-1.627946138381958,0.0026465654373168945,0.1623068598338108,True
1,TranslationRelation,80.0,-1.630592703819275,-1.629044532775879,0.001548171043395996,0.09494523619033832,True
1,NoiseRelation,0.0,-1.630592703819275,-1.630594253540039,1.5497207641601562e-06,9.504027646680512e-05,True
1,NoiseRelation,37.5,-1.630592703819275,-1.6305756568908691,1.704692840576172e-05,0.0010454430411348564,True
1,NoiseRelation,75.0,-1.630592703819275,-1.6307501792907715,0.00015747547149658203,0.009657554247126889,True
1,NoiseRelation,112.5,-1.630592703819275,-1.6308304071426392,0.0002377033233642578,0.014577716251908417,True
1,NoiseRelation,150.0,-1.630592703819275,-1.6314772367477417,0.0008845329284667969,0.05424606549105338,True
1,BlurRelation,1.0,-1.630592703819275,-1.630594253540039,1.5497207641601562e-06,9.504027646680512e-05,True
1,BlurRelation,8.5,-1.630592703819275,-1.630619764328003,2.7060508728027344e-05,0.0016595494429203664,True
1,BlurRelation,16.0,-1.630592703819275,-1.6306551694869995,6.246566772460938e-05,0.0038308542206619916,True
1,BlurRelation,23.5,-1.630592703819275,-1.630689024925232,9.632110595703125e-05,0.00590711872193681,True
1,BlurRelation,31.0,-1.630592703819275,-1.630744457244873,0.00015175342559814453,0.009306636303249455,True
1,ContrastRelation,0.1,-1.630592703819275,-1.6353187561035156,0.004726052284240723,0.2898362892712684,True
1,ContrastRelation,1.075,-1.630592703819275,-1.630243182182312,0.0003495216369628906,0.021435237738513278,True
1,ContrastRelation,2.05,-1.630592703819275,-1.628434419631958,0.0021582841873168945,0.13236186195626976,True
1,ContrastRelation,3.025,-1.630592703819275,-1.6285972595214844,0.0019954442977905273,0.12237532213675777,True
1,ContrastRelation,4.0,-1.630592703819275,-1.6286135911941528,0.0019791126251220703,0.12137374383860758,True
1,RainRelation,0.0,-1.630592703819275,-1.6326876878738403,0.0020949840545654297,0.1284798322021256,True
1,RainRelation,0.375,-1.630592703819275,-1.6324667930603027,0.001874089241027832,0.11493293741035718,True
1,RainRelation,0.75,-1.630592703819275,-1.631950855255127,0.0013581514358520508,0.08329183613740851,True
1,RainRelation,1.125,-1.630592703819275,-1.6306473016738892,5.459785461425781e-05,0.003348342047830519,True
1,RainRelation,1.5,-1.630592703819275,-1.630977988243103,0.000385284423828125,0.02362847488774724,True
1,SnowRelation,0.0,-1.630592703819275,-1.632178544998169,0.001585841178894043,0.09725544598753143,True
1,SnowRelation,0.375,-1.630592703819275,-1.6310479640960693,0.0004552602767944336,0.027919908909748367,True
1,SnowRelation,0.75,-1.630592703819275,-1.6298153400421143,0.0007773637771606445,0.04767366483384894,True
1,SnowRelation,1.125,-1.630592703819275,-1.6290565729141235,0.0015361309051513672,0.09420684635009621,True
1,SnowRelation,1.5,-1.630592703819275,-1.6288447380065918,0.0017479658126831055,0.10719812106405872,True
1,FogRelation,0.0,-1.630592703819275,-1.6306614875793457,6.878376007080078e-05,0.004218326117026658,True
1,FogRelation,0.375,-1.630592703819275,-1.6289243698120117,0.0016683340072631836,0.10231451301176443,True
1,FogRelation,0.75,-1.630592703819275,-1.62807297706604,0.0025197267532348633,0.15452817874452768,True
1,FogRelation,1.125,-1.630592703819275,-1.62807297706604,0.0025197267532348633,0.15452817874452768,True
1,FogRelation,1.5,-1.630592703819275,-1.62807297706604,0.0025197267532348633,0.15452817874452768,True
1,DarkVisibiltyRelation,0.05,-1.630592703819275,-1.63048255443573,0.00011014938354492188,0.006755170419640611,True
1,DarkVisibiltyRelation,0.4125,-1.630592703819275,-1.6295726299285889,0.0010200738906860352,0.06255843428665012,True
1,DarkVisibiltyRelation,0.775,-1.630592703819275,-1.628656268119812,0.0019364356994628906,0.11875648084052172,True
1,DarkVisibiltyRelation,1.1375,-1.630592703819275,-1.62807297706604,0.0025197267532348633,0.15452817874452768,True
1,DarkVisibiltyRelation,1.5,-1.630592703819275,-1.62807297706604,0.0025197267532348633,0.15452817874452768,True
1,DarkVisibiltyRelation,0.05,-1.630592703819275,-1.635577917098999,0.004985213279724121,0.3057299478127172,True
1,DarkVisibiltyRelation,0.4125,-1.630592703819275,-1.633683443069458,0.0030907392501831055,0.18954686522729666,True
1,DarkVisibiltyRelation,0.775,-1.630592703819275,-1.6317850351333618,0.001192331314086914,0.07312252655546038,True
1,DarkVisibiltyRelation,1.1375,-1.630592703819275,-1.6299618482589722,0.0006308555603027344,0.03868870331248713,True
1,DarkVisibiltyRelation,1.5,-1.630592703819275,-1.628730297088623,0.0018624067306518555,0.11421647994160741,True
1,TemporalSmoothnessRelation,0.0,-1.6304872035980225,-1.630592703819275,0.0001055002212524414,0.0,True
2,BrightnessRelation,0.1,-1.6306153535842896,-1.635317325592041,0.004701972007751465,0.28835550418809236,True
2,BrightnessRelation,0.825,-1.6306153535842896,-1.6315405368804932,0.0009251832962036133,0.05673825692781443,True
2,BrightnessRelation,1.55,-1.6306153535842896,-1.6284925937652588,0.0021227598190307617,0.1301814381025115,True
2,BrightnessRelation,2.275,-1.6306153535842896,-1.6267783641815186,0.003836989402770996,0.2353091451791732,True
2,BrightnessRelation,3.0,-1.6306153535842896,-1.627091646194458,0.003523707389831543,0.2160966546230211,True
2,RotationRelation,-60.0,-1.6306153535842896,-1.634567379951477,0.0039520263671875,0.24236396001428995,True
2,RotationRelation,-30.0,-1.6306153535842896,-1.6359905004501343,0.0053751468658447266,0.3296389646791848,True
2,RotationRelation,0.0,-1.6306153535842896,-1.6306164264678955,1.0728836059570312e-06,6.579620053476743e-05,True
2,RotationRelation,30.0,-1.6306153535842896,-1.6294491291046143,0.001166224479675293,0.07152046998129218,True
2,RotationRelation,60.0,-1.6306153535842896,-1.6308860778808594,0.0002707242965698242,0.016602574601606312,True
2,TranslationRelation,0.0,-1.6306153535842896,-1.6306164264678955,1.0728836059570312e-06,6.579620053476743e-05,True
2,TranslationRelation,20.0,-1.6306153535842896,-1.629590630531311,0.0010247230529785156,0.0628426821996512,True
2,TranslationRelation,40.0,-1.6306153535842896,-1.6299620866775513,0.0006532669067382812,0.040062575436725055,True
2,TranslationRelation,60.0,-1.6306153535842896,-1.6296473741531372,0.0009679794311523438,0.059362794260256826,True
2,TranslationRelation,80.0,-1.6306153535842896,-1.6301405429840088,0.0004748106002807617,0.02911847408110874,True
2,NoiseRelation,0.0,-1.6306153535842896,-1.6306164264678955,1.0728836059570312e-06,6.579620053476743e-05,True
2,NoiseRelation,37.5,-1.6306153535842896,-1.630563497543335,5.1856040954589844e-05,0.0031801496925137583,True
2,NoiseRelation,75.0,-1.6306153535842896,-1.6303017139434814,0.00031363964080810547,0.01923442262299701,True
2,NoiseRelation,112.5,-1.6306153535842896,-1.630384922027588,0.00023043155670166016,0.01413156173707838,True
2,NoiseRelation,150.0,-1.6306153535842896,-1.6313822269439697,0.0007668733596801758,0.04702966200446209,True
2,BlurRelation,1.0,-1.6306153535842896,-1.6306164264678955,1.0728836059570312e-06,6.579620053476743e-05,True
2,BlurRelation,8.5,-1.6306153535842896,-1.6306250095367432,9.655952453613281e-06,0.0005921658048129067,True
2,BlurRelation,16.0,-1.6306153535842896,-1.6306288242340088,1.3470649719238281e-05,0.0008261078511587464,True
2,BlurRelation,23.5,-1.6306153535842896,-1.6306588649749756,4.3511390686035156e-05,0.0026684014661322343,True
2,BlurRelation,31.0,-1.6306153535842896,-1.630728840827942,0.00011348724365234375,0.0069597758787887315,True
2,ContrastRelation,0.1,-1.6306153535842896,-1.635317325592041,0.004701972007751465,0.28835550418809236,True
2,ContrastRelation,1.075,-1.6306153535842896,-1.6302576065063477,0.00035774707794189453,0.02193937753387078,True
2,ContrastRelation,2.05,-1.6306153535842896,-1.62721586227417,0.003399491310119629,0.20847891673888472,True
2,ContrastRelation,3.025,-1.6306153535842896,-1.6271014213562012,0.003513932228088379,0.21549717812925992,True
2,ContrastRelation,4.0,-1.6306153535842896,-1.6277949810028076,0.0028203725814819336,0.17296358982800691,True
2,RainRelation,0.0,-1.6306153535842896,-1.6327009201049805,0.002085566520690918,0.12790050315063956,True
2,RainRelation,0.375,-1.6306153535842896,-1.6325418949127197,0.0019265413284301758,0.11814804409359736,True
2,RainRelation,0.75,-1.6306153535842896,-1.6320886611938477,0.0014733076095581055,0.09035280471213228,True
2,RainRelation,1.125,-1.6306153535842896,-1.6328976154327393,0.002282261848449707,0.13996313991534692,True
2,RainRelation,1.5,-1.6306153535842896,-1.6313509941101074,0.0007356405258178711,0.045114261500005526,True
2,SnowRelation,0.0,-1.6306153535842896,-1.6321911811828613,0.0015758275985717773,0.09663999720767673,True
2,SnowRelation,0.375,-1.6306153535842896,-1.6310547590255737,0.0004394054412841797,0.026947199463461413,True
2,SnowRelation,0.75,-1.6306153535842896,-1.6299620866775513,0.0006532669067382812,0.040062575436725055,True
2,SnowRelation,1.125,-1.6306153535842896,-1.6287592649459839,0.001856088638305664,0.11382742692514762,True
2,SnowRelation,1.5,-1.6306153535842896,-1.6280897855758667,0.0025255680084228516,0.1548842560588425,True
2,FogRelation,0.0,-1.6306153535842896,-1.630640983581543,2.562999725341797e-05,0.0015717981238861105,True
2,FogRelation,0.375,-1.6306153535842896,-1.6289210319519043,0.001694321632385254,0.10390682202229436,True
2,FogRelation,0.75,-1.6306153535842896,-1.62807297706604,0.0025423765182495117,0.15591506320055387,True
2,FogRelation,1.125,-1.6306153535842896,-1.62807297706604,0.0025423765182495117,0.15591506320055387,True
2,FogRelation,1.5,-1.6306153535842896,-1.62807297706604,0.0025423765182495117,0.15591506320055387,True
2,DarkVisibiltyRelation,0.05,-1.6306153535842896,-1.630502700805664,0.00011265277862548828,0.006908601056150579,True
2,DarkVisibiltyRelation,0.4125,-1.6306153535842896,-1.6295852661132812,0.0010300874710083008,0.06317166320232503,True
2,DarkVisibiltyRelation,0.775,-1.6306153535842896,-1.6286637783050537,0.0019515752792358398,0.11968328877274192,True
2,DarkVisibiltyRelation,1.1375,-1.6306153535842896,-1.62807297706604,0.0025423765182495117,0.15591506320055387,True
2,DarkVisibiltyRelation,1.5,-1.6306153535842896,-1.62807297706604,0.0025423765182495117,0.15591506320055387,True
2,DarkVisibiltyRelation,0.05,-1.6306153535842896,-1.6355762481689453,0.004960894584655762,0.3042343205838162,True
2,DarkVisibiltyRelation,0.4125,-1.6306153535842896,-1.6336925029754639,0.0030771493911743164,0.18871081382266125,True
2,DarkVisibiltyRelation,0.775,-1.6306153535842896,-1.631803035736084,0.0011876821517944336,0.07283639399198753,True
2,DarkVisibiltyRelation,1.1375,-1.6306153535842896,-1.6299679279327393,0.000647425651550293,0.03970435167825798,True
2,DarkVisibiltyRelation,1.5,-1.6306153535842896,-1.6286258697509766,0.0019894838333129883,0.12200808785830372,True
2,TemporalSmoothnessRelation,0.0,-1.6304872035980225,-1.630592703819275,0.0001055002212524414,0.0,True
3,BrightnessRelation,0.1,-1.6298969984054565,-1.635244607925415,0.005347609519958496,0.328094735080975,True
3,BrightnessRelation,0.825,-1.6298969984054565,-1.630949854850769,0.0010528564453125,0.0645964622536207,True
3,BrightnessRelation,1.55,-1.6298969984054565,-1.6293290853500366,0.0005679130554199219,0.03484347216669486,True
3,BrightnessRelation,2.275,-1.6298969984054565,-1.6295040845870972,0.000392913818359375,0.024106650768561347,True
3,BrightnessRelation,3.0,-1.6298969984054565,-1.6290838718414307,0.0008131265640258789,0.04988818716394325,True
3,RotationRelation,-60.0,-1.6298969984054565,-1.6318639516830444,0.0019669532775878906,0.12067953206348976,True
3,RotationRelation,-30.0,-1.6298969984054565,-1.6379305124282837,0.008033514022827148,0.4928844645914288,True
3,RotationRelation,0.0,-1.6298969984054565,-1.6298959255218506,1.0728836059570312e-06,6.582519930735805e-05,True
3,RotationRelation,30.0,-1.6298969984054565,-1.626558542251587,0.003338456153869629,0.20482607851139578,True
3,RotationRelation,60.0,-1.6298969984054565,-1.628807783126831,0.0010892152786254883,0.06682720511903673,True
3,TranslationRelation,0.0,-1.6298969984054565,-1.6298959255218506,1.0728836059570312e-06,6.582519930735805e-05,True
3,TranslationRelation,20.0,-1.6298969984054565,-1.6285336017608643,0.0013633966445922852,0.08364920049758377,True
3,TranslationRelation,40.0,-1.6298969984054565,-1.627636432647705,0.002260565757751465,0.1386936949406034,True
3,TranslationRelation,60.0,-1.6298969984054565,-1.6254335641860962,0.0044634342193603516,0.2738474569406778,True
3,TranslationRelation,80.0,-1.6298969984054565,-1.6261893510818481,0.0037076473236083984,0.22747726098416113,True
3,NoiseRelation,0.0,-1.6298969984054565,-1.6298959255218506,1.0728836059570312e-06,6.582519930735805e-05,True
3,NoiseRelation,37.5,-1.6298969984054565,-1.6298222541809082,7.474422454833984e-05,0.004585822218412611,True
3,NoiseRelation,75.0,-1.6298969984054565,-1.630018949508667,0.00012195110321044922,0.007482130987936365,True
3,NoiseRelation,112.5,-1.6298969984054565,-1.630251407623291,0.00035440921783447266,0.021744257504530608,True
3,NoiseRelation,150.0,-1.6298969984054565,-1.6301822662353516,0.00028526782989501953,0.01750218910472309,True
3,BlurRelation,1.0,-1.6298969984054565,-1.6298959255218506,1.0728836059570312e-06,6.582519930735805e-05,True
3,BlurRelation,8.5,-1.6298969984054565,-1.6297738552093506,0.00012314319610595703,0.007555270098277874,True
3,BlurRelation,16.0,-1.6298969984054565,-1.6299011707305908,4.172325134277344e-06,0.0002559868861952813,True
3,BlurRelation,23.5,-1.6298969984054565,-1.630028486251831,0.00013148784637451172,0.008067243870668437,True
3,BlurRelation,31.0,-1.6298969984054565,-1.6301920413970947,0.0002950429916381836,0.018101929809523465,True
3,ContrastRelation,0.1,-1.6298969984054565,-1.635244607925415,0.005347609519958496,0.328094735080975,True
3,ContrastRelation,1.075,-1.6298969984054565,-1.6295814514160156,0.00031554698944091797,0.019359922507397417,True
3,ContrastRelation,2.05,-1.6298969984054565,-1.629531741142273,0.00036525726318359375,0.02240982340863834,True
3,ContrastRelation,3.025,-1.6298969984054565,-1.629072904586792,0.0008240938186645508,0.050561066979085134,True
3,ContrastRelation,4.0,-1.6298969984054565,-1.6284782886505127,0.0014187097549438477,0.0870428552174298,True
3,RainRelation,0.0,-1.6298969984054565,-1.6322726011276245,0.0023756027221679688,0.14575161908855902,True
3,RainRelation,0.375,-1.6298969984054565,-1.6319955587387085,0.002098560333251953,0.12875408984519235,True
3,RainRelation,0.75,-1.6298969984054565,-1.631740689277649,0.0018436908721923828,0.11311694805417774,True
3,RainRelation,1.125,-1.6298969984054565,-1.6301336288452148,0.00023663043975830078,0.014518113402789527,True
3,RainRelation,1.5,-1.6298969984054565,-1.6318159103393555,0.0019189119338989258,0.11773202591672693,True
3,SnowRelation,0.0,-1.6298969984054565,-1.6316932439804077,0.0017962455749511719,0.11020601146258567,True
3,SnowRelation,0.375,-1.6298969984054565,-1.630338430404663,0.00044143199920654297,0.027083412559460764,True
3,SnowRelation,0.75,-1.6298969984054565,-1.6294349431991577,0.0004620552062988281,0.02834871916836887,True
3,SnowRelation,1.125,-1.6298969984054565,-1.6289634704589844,0.000933527946472168,0.05727523730843565,True
3,SnowRelation,1.5,-1.6298969984054565,-1.6291426420211792,0.0007543563842773438,0.04628242902410686,True
3,FogRelation,0.0,-1.6298969984054565,-1.6298773288726807,1.9669532775878906e-05,0.0012067953206348976,True
3,FogRelation,0.375,-1.6298969984054565,-1.6286718845367432,0.001225113868713379,0.07516506369796874,True
3,FogRelation,0.75,-1.6298969984054565,-1.62807297706604,0.001824021339416504,0.11191015273354284,True
3,FogRelation,1.125,-1.6298969984054565,-1.62807297706604,0.001824021339416504,0.11191015273354284,True
3,FogRelation,1.5,-1.6298969984054565,-1.62807297706604,0.001824021339416504,0.11191015273354284,True
3,DarkVisibiltyRelation,0.05,-1.6298969984054565,-1.629817008972168,7.998943328857422e-05,0.00490763430391525,True
3,DarkVisibiltyRelation,0.4125,-1.6298969984054565,-1.629159688949585,0.000737309455871582,0.045236539746223284,True
3,DarkVisibiltyRelation,0.775,-1.6298969984054565,-1.6284998655319214,0.0013971328735351562,0.08571903732024848,True
3,DarkVisibiltyRelation,1.1375,-1.6298969984054565,-1.62807297706604,0.001824021339416504,0.11191015273354284,True
3,DarkVisibiltyRelation,1.5,-1.6298969984054565,-1.62807297706604,0.001824021339416504,0.11191015273354284,True
3,DarkVisibiltyRelation,0.05,-1.6298969984054565,-1.6355454921722412,0.005648493766784668,0.34655504653117186,True
3,DarkVisibiltyRelation,0.4125,-1.6298969984054565,-1.6334010362625122,0.003504037857055664,0.2149851009378314,True
3,DarkVisibiltyRelation,0.775,-1.6298969984054565,-1.6312485933303833,0.0013515949249267578,0.08292512330520284,True
3,DarkVisibiltyRelation,1.1375,-1.6298969984054565,-1.6294195652008057,0.0004774332046508789,0.029292213691774337,True
3,DarkVisibiltyRelation,1.5,-1.6298969984054565,-1.6293153762817383,0.0005816221237182617,0.03568457193562222,True
3,TemporalSmoothnessRelation,0.0,-1.6304872035980225,-1.630592703819275,0.0001055002212524414,0.0,True
4,BrightnessRelation,0.1,-1.630307674407959,-1.635288953781128,0.004981279373168945,0.30554210079130445,True
4,BrightnessRelation,0.825,-1.630307674407959,-1.6312882900238037,0.0009806156158447266,0.06014907675080817,True
4,BrightnessRelation,1.55,-1.630307674407959,-1.6273831129074097,0.0029245615005493164,0.17938698029754158,True
4,BrightnessRelation,2.275,-1.630307674407959,-1.6251707077026367,0.005136966705322266,0.3150916624539054,True
4,BrightnessRelation,3.0,-1.630307674407959,-1.625457525253296,0.004850149154663086,0.29749882527150273,True
4,RotationRelation,-60.0,-1.630307674407959,-1.6310629844665527,0.00075531005859375,0.04632926699405794,True
4,RotationRelation,-30.0,-1.630307674407959,-1.6322005987167358,0.0018929243087768555,0.1161083381626651,True
4,RotationRelation,0.0,-1.630307674407959,-1.6303081512451172,4.76837158203125e-07,2.924827461746082e-05,True
4,RotationRelation,30.0,-1.630307674407959,-1.6336475610733032,0.0033398866653442383,0.20486222748934993,True
4,RotationRelation,60.0,-1.630307674407959,-1.6319897174835205,0.0016820430755615234,0.10317328871309304,True
4,TranslationRelation,0.0,-1.630307674407959,-1.6303081512451172,4.76837158203125e-07,2.924827461746082e-05,True
4,TranslationRelation,20.0,-1.630307674407959,-1.630603551864624,0.00029587745666503906,0.018148554400134437,True
4,TranslationRelation,40.0,-1.630307674407959,-1.631094217300415,0.0007865428924560547,0.04824502898150162,True
4,TranslationRelation,60.0,-1.630307674407959,-1.631180763244629,0.0008730888366699219,0.05355359082457076,True
4,TranslationRelation,80.0,-1.630307674407959,-1.6321414709091187,0.001833796501159668,0.11248155211009996,True
4,NoiseRelation,0.0,-1.630307674407959,-1.6303081512451172,4.76837158203125e-07,2.924827461746082e-05,True
4,NoiseRelation,37.5,-1.630307674407959,-1.6303606033325195,5.2928924560546875e-05,0.003246558482538151,True
4,NoiseRelation,75.0,-1.630307674407959,-1.6305159330368042,0.00020825862884521484,0.012774183939176013,True
4,NoiseRelation,112.5,-1.630307674407959,-1.630281686782837,2.5987625122070312e-05,0.0015940309666516146,True
4,NoiseRelation,150.0,-1.630307674407959,-1.6308841705322266,0.0005764961242675781,0.03536116401251013,True
4,BlurRelation,1.0,-1.630307674407959,-1.6303081512451172,4.76837158203125e-07,2.924827461746082e-05,True
4,BlurRelation,8.5,-1.630307674407959,-1.6302545070648193,5.316734313964844e-05,0.0032611826198468813,True
4,BlurRelation,16.0,-1.630307674407959,-1.6302250623703003,8.26120376586914e-05,0.0050672635774750875,True
4,BlurRelation,23.5,-1.630307674407959,-1.630218505859375,8.916854858398438e-05,0.005469427353465173,True
4,BlurRelation,31.0,-1.630307674407959,-1.63022780418396,7.987022399902344e-05,0.004899085998424687,True
4,ContrastRelation,0.1,-1.630307674407959,-1.635288953781128,0.004981279373168945,0.30554210079130445,True
4,ContrastRelation,1.075,-1.630307674407959,-1.6298766136169434,0.000431060791015625,0.026440440254184582,True
4,ContrastRelation,2.05,-1.630307674407959,-1.625484824180603,0.004822850227355957,0.2958243615496531,True
4,ContrastRelation,3.025,-1.630307674407959,-1.6254825592041016,0.004825115203857422,0.295963290854086,True
4,ContrastRelation,4.0,-1.630307674407959,-1.6271722316741943,0.0031354427337646484,0.19232202974711363,True
4,RainRelation,0.0,-1.630307674407959,-1.6325156688690186,0.0022079944610595703,0.13543413561615233,True
4,RainRelation,0.375,-1.630307674407959,-1.6325132846832275,0.0022056102752685547,0.13528789424306503,True
4,RainRelation,0.75,-1.630307674407959,-1.6311938762664795,0.0008862018585205078,0.05435791837655093,True
4,RainRelation,1.125,-1.630307674407959,-1.63234543800354,0.0020377635955810547,0.12499250157771882,True
4,RainRelation,1.5,-1.630307674407959,-1.6317569017410278,0.0014492273330688477,0.0888928186311178,True
4,SnowRelation,0.0,-1.630307674407959,-1.6319764852523804,0.0016688108444213867,0.1023616490924585,True
4,SnowRelation,0.375,-1.630307674407959,-1.630723476409912,0.000415802001953125,0.025504495466425834,True
4,SnowRelation,0.75,-1.630307674407959,-1.6294358968734741,0.0008717775344848633,0.05347315806937274,True
4,SnowRelation,1.125,-1.630307674407959,-1.628263235092163,0.0020444393157958984,0.12540197742236325,True
4,SnowRelation,1.5,-1.630307674407959,-1.627448558807373,0.0028591156005859375,0.17537265460629506,True
4,FogRelation,0.0,-1.630307674407959,-1.6302449703216553,6.270408630371094e-05,0.003846148112196098,True
4,FogRelation,0.375,-1.630307674407959,-1.6287925243377686,0.0015151500701904297,0.09293639259698175,True
4,FogRelation,0.75,-1.630307674407959,-1.62807297706604,0.0022346973419189453,0.13707203899473014,True
4,FogRelation,1.125,-1.630307674407959,-1.62807297706604,0.0022346973419189453,0.13707203899473014,True
4,FogRelation,1.5,-1.630307674407959,-1.62807297706604,0.0022346973419189453,0.13707203899473014,True
4,DarkVisibiltyRelation,0.05,-1.630307674407959,-1.6302156448364258,9.202957153320312e-05,0.0056449170011699384,True
4,DarkVisibiltyRelation,0.4125,-1.630307674407959,-1.6294045448303223,0.0009031295776367188,0.05539623212547079,True
4,DarkVisibiltyRelation,0.775,-1.630307674407959,-1.6285954713821411,0.001712203025817871,0.10502324208264745,True
4,DarkVisibiltyRelation,1.1375,-1.630307674407959,-1.62807297706604,0.0022346973419189453,0.13707203899473014,True
4,DarkVisibiltyRelation,1.5,-1.630307674407959,-1.62807297706604,0.0022346973419189453,0.13707203899473014,True
4,DarkVisibiltyRelation,0.05,-1.630307674407959,-1.6355667114257812,0.005259037017822266,0.3225792207559754,True
4,DarkVisibiltyRelation,0.4125,-1.630307674407959,-1.6335644721984863,0.0032567977905273438,0.1997657156372574,True
4,DarkVisibiltyRelation,0.775,-1.630307674407959,-1.6315646171569824,0.0012569427490234375,0.07709845189162672,True
4,DarkVisibiltyRelation,1.1375,-1.630307674407959,-1.629502773284912,0.000804901123046875,0.049371087554273864,True
4,DarkVisibiltyRelation,1.5,-1.630307674407959,-1.6276192665100098,0.0026884078979492188,0.1649017722932441,True
4,TemporalSmoothnessRelation,0.0,-1.6304872035980225,-1.630592703819275,0.0001055002212524414,0.0,True
5,BrightnessRelation,0.1,-1.636249303817749,-1.6358824968338013,0.0003668069839477539,0.022417534963441028,True
5,BrightnessRelation,0.825,-1.636249303817749,-1.6361891031265259,6.020069122314453e-05,0.0036791859462261033,True
5,BrightnessRelation,1.55,-1.636249303817749,-1.6353487968444824,0.0009005069732666016,0.05503479334216234,True
5,BrightnessRelation,2.275,-1.636249303817749,-1.6335028409957886,0.0027464628219604492,0.1678510198318875,True
5,BrightnessRelation,3.0,-1.636249303817749,-1.6324315071105957,0.0038177967071533203,0.2333259586412617,True
5,RotationRelation,-60.0,-1.636249303817749,-1.6336814165115356,0.002567887306213379,0.15693731577753758,True
5,RotationRelation,-30.0,-1.636249303817749,-1.6372246742248535,0.0009753704071044922,0.059610097845588066,True
5,RotationRelation,0.0,-1.636249303817749,-1.6362496614456177,3.5762786865234375e-07,2.1856550175600613e-05,True
5,RotationRelation,30.0,-1.636249303817749,-1.6293914318084717,0.006857872009277344,0.4191212061673173,True
5,RotationRelation,60.0,-1.636249303817749,-1.6310278177261353,0.0052214860916137695,0.31911291808049413,True
5,TranslationRelation,0.0,-1.636249303817749,-1.6362496614456177,3.5762786865234375e-07,2.1856550175600613e-05,True
5,TranslationRelation,20.0,-1.636249303817749,-1.6364436149597168,0.00019431114196777344,0.011875392262076333,True
5,TranslationRelation,40.0,-1.636249303817749,-1.6334266662597656,0.0028226375579833984,0.17250646501929043,True
5,TranslationRelation,60.0,-1.636249303817749,-1.6290998458862305,0.007149457931518555,0.43694158007715705,True
5,TranslationRelation,80.0,-1.636249303817749,-1.628495693206787,0.007753610610961914,0.47386457884047173,True
5,NoiseRelation,0.0,-1.636249303817749,-1.6362496614456177,3.5762786865234375e-07,2.1856550175600613e-05,True
5,NoiseRelation,37.5,-1.636249303817749,-1.6362287998199463,2.0503997802734375e-05,0.001253108876734435,True
5,NoiseRelation,75.0,-1.636249303817749,-1.6358389854431152,0.00041031837463378906,0.025076748568139105,True
5,NoiseRelation,112.5,-1.636249303817749,-1.636094093322754,0.0001552104949951172,0.009485742776210665,True
5,NoiseRelation,150.0,-1.636249303817749,-1.6345946788787842,0.0016546249389648438,0.10112297214577882,True
5,BlurRelation,1.0,-1.636249303817749,-1.6362496614456177,3.5762786865234375e-07,2.1856550175600613e-05,True
5,BlurRelation,8.5,-1.636249303817749,-1.6361217498779297,0.00012755393981933594,0.007795502895964219,True
5,BlurRelation,16.0,-1.636249303817749,-1.6359970569610596,0.0002522468566894531,0.015416153390523631,True
5,BlurRelation,23.5,-1.636249303817749,-1.6358842849731445,0.0003650188446044922,0.022308252212563023,True
5,BlurRelation,31.0,-1.636249303817749,-1.6357183456420898,0.0005309581756591797,0.032449691494041706,True
5,ContrastRelation,0.1,-1.636249303817749,-1.6358824968338013,0.0003668069839477539,0.022417534963441028,True
5,ContrastRelation,1.075,-1.636249303817749,-1.6362483501434326,9.5367431640625e-07,5.8284133801601634e-05,True
5,ContrastRelation,2.05,-1.636249303817749,-1.6339961290359497,0.0022531747817993164,0.13770355162300907,True
5,ContrastRelation,3.025,-1.636249303817749,-1.6324182748794556,0.003831028938293457,0.23413465099775896,True
5,ContrastRelation,4.0,-1.636249303817749,-1.631605863571167,0.004643440246582031,0.28378544747999834,True
5,RainRelation,0.0,-1.636249303817749,-1.6360810995101929,0.00016820430755615234,0.010279864099257489,True
5,RainRelation,0.375,-1.636249303817749,-1.6361244916915894,0.00012481212615966797,0.007627936011284614,True
5,RainRelation,0.75,-1.636249303817749,-1.6353517770767212,0.000897526741027832,0.05485265542403234,True
5,RainRelation,1.125,-1.636249303817749,-1.6360713243484497,0.0001779794692993164,0.010877276470723904,True
5,RainRelation,1.5,-1.636249303817749,-1.6355911493301392,0.0006581544876098633,0.04022333783983033,True
5,SnowRelation,0.0,-1.636249303817749,-1.6361385583877563,0.00011074542999267578,0.00676824503771099,True
5,SnowRelation,0.375,-1.636249303817749,-1.6361637115478516,8.559226989746094e-05,0.005231001008693746,True
5,SnowRelation,0.75,-1.636249303817749,-1.636132836341858,0.00011646747589111328,0.007117949840520599,True
5,SnowRelation,1.125,-1.636249303817749,-1.6357355117797852,0.0005137920379638672,0.03140057708561288,True
5,SnowRelation,1.5,-1.636249303817749,-1.634423017501831,0.0018262863159179688,0.11161411623006713,True
5,FogRelation,0.0,-1.636249303817749,-1.636049747467041,0.0001995563507080078,0.012195954997985141,True
5,FogRelation,0.375,-1.636249303817749,-1.6306777000427246,0.005571603775024414,0.34051048070240714,True
5,FogRelation,0.75,-1.636249303817749,-1.62807297706604,0.008176326751708984,0.49969902114803155,True
5,FogRelation,1.125,-1.636249303817749,-1.62807297706604,0.008176326751708984,0.49969902114803155,True
5,FogRelation,1.5,-1.636249303817749,-1.62807297706604,0.008176326751708984,0.49969902114803155,True
5,DarkVisibiltyRelation,0.05,-1.636249303817749,-1.6358559131622314,0.0003933906555175781,0.024042205193160672,True
5,DarkVisibiltyRelation,0.4125,-1.636249303817749,-1.6328915357589722,0.0033577680587768555,0.20521114959871412,True
5,DarkVisibiltyRelation,0.775,-1.636249303817749,-1.6299290657043457,0.00632023811340332,0.3862635257366644,False
5,DarkVisibiltyRelation,1.1375,-1.636249303817749,-1.62807297706604,0.008176326751708984,0.49969902114803155,False
5,DarkVisibiltyRelation,1.5,-1.636249303817749,-1.62807297706604,0.008176326751708984,0.49969902114803155,False
5,DarkVisibiltyRelation,0.05,-1.636249303817749,-1.6358635425567627,0.0003857612609863281,0.02357593212274786,True
5,DarkVisibiltyRelation,0.4125,-1.636249303817749,-1.6360127925872803,0.00023651123046875,0.014454465182797206,True
5,DarkVisibiltyRelation,0.775,-1.636249303817749,-1.636170744895935,7.855892181396484e-05,0.004801155521906934,True
5,DarkVisibiltyRelation,1.1375,-1.636249303817749,-1.6361945867538452,5.4717063903808594e-05,0.0033440521768668937,True
5,DarkVisibiltyRelation,1.5,-1.636249303817749,-1.6354824304580688,0.0007668733596801758,0.04686772909321291,True
5,TemporalSmoothnessRelation,0.0,-1.6304872035980225,-1.630592703819275,0.0001055002212524414,0.0,True
6,BrightnessRelation,0.1,-1.6347731351852417,-1.6357316970825195,0.000958561897277832,0.05863573913036092,True
6,BrightnessRelation,0.825,-1.6347731351852417,-1.6349748373031616,0.00020170211791992188,0.012338225420789788,True
6,BrightnessRelation,1.55,-1.6347731351852417,-1.6342343091964722,0.0005388259887695312,0.03296027121865829,True
6,BrightnessRelation,2.275,-1.6347731351852417,-1.6336009502410889,0.001172184944152832,0.07170317409138652,True
6,BrightnessRelation,3.0,-1.6347731351852417,-1.6327685117721558,0.0020046234130859375,0.12262387628605265,True
6,RotationRelation,-60.0,-1.6347731351852417,-1.6347086429595947,6.449222564697266e-05,0.003945023612675695,True
6,RotationRelation,-30.0,-1.6347731351852417,-1.6383196115493774,0.003546476364135742,0.2169398382201514,True
6,RotationRelation,0.0,-1.6347731351852417,-1.6347733736038208,2.384185791015625e-07,1.458419080471606e-05,True
6,RotationRelation,30.0,-1.6347731351852417,-1.630481243133545,0.004291892051696777,0.26253731077109616,True
6,RotationRelation,60.0,-1.6347731351852417,-1.6329842805862427,0.0017888545989990234,0.1094251836077846,True
6,TranslationRelation,0.0,-1.6347731351852417,-1.6347733736038208,2.384185791015625e-07,1.458419080471606e-05,True
6,TranslationRelation,20.0,-1.6347731351852417,-1.6324080228805542,0.0023651123046875,0.14467517278278333,True
6,TranslationRelation,40.0,-1.6347731351852417,-1.6306771039962769,0.004096031188964844,0.25055639802502194,True
6,TranslationRelation,60.0,-1.6347731351852417,-1.6282879114151,0.0064852237701416016,0.39670457407908155,True
6,TranslationRelation,80.0,-1.6347731351852417,-1.628754734992981,0.006018400192260742,0.36814872848344754,True
6,NoiseRelation,0.0,-1.6347731351852417,-1.6347733736038208,2.384185791015625e-07,1.458419080471606e-05,True
6,NoiseRelation,37.5,-1.6347731351852417,-1.6348886489868164,0.00011551380157470703,0.007066040444884931,True
6,NoiseRelation,75.0,-1.6347731351852417,-1.6347284317016602,4.470348358154297e-05,0.002734535775884261,True
6,NoiseRelation,112.5,-1.6347731351852417,-1.634613037109375,0.00016009807586669922,0.009793284125366834,True
6,NoiseRelation,150.0,-1.6347731351852417,-1.6340304613113403,0.0007426738739013672,0.04542975435669053,True
6,BlurRelation,1.0,-1.6347731351852417,-1.6347733736038208,2.384185791015625e-07,1.458419080471606e-05,True
6,BlurRelation,8.5,-1.6347731351852417,-1.6346477270126343,0.00012540817260742188,0.007671284363280647,True
6,BlurRelation,16.0,-1.6347731351852417,-1.63459050655365,0.00018262863159179688,0.011171490156412502,True
6,BlurRelation,23.5,-1.6347731351852417,-1.6345536708831787,0.00021946430206298828,0.013424747635741132,True
6,BlurRelation,31.0,-1.6347731351852417,-1.6345402002334595,0.00023293495178222656,0.01424875441620759,True
6,ContrastRelation,0.1,-1.6347731351852417,-1.6357316970825195,0.000958561897277832,0.05863573913036092,True
6,ContrastRelation,1.075,-1.6347731351852417,-1.6347160339355469,5.710124969482422e-05,0.003492913697729496,True
6,ContrastRelation,2.05,-1.6347731351852417,-1.6337991952896118,0.0009739398956298828,0.059576419437265105,True
6,ContrastRelation,3.025,-1.6347731351852417,-1.6327470541000366,0.002026081085205078,0.12393645345847708,True
6,ContrastRelation,4.0,-1.6347731351852417,-1.6310464143753052,0.0037267208099365234,0.22796548646851675,True
6,RainRelation,0.0,-1.6347731351852417,-1.6351940631866455,0.0004209280014038086,0.025748388865726207,True
6,RainRelation,0.375,-1.6347731351852417,-1.6351680755615234,0.0003949403762817383,0.024158712068012154,True
6,RainRelation,0.75,-1.6347731351852417,-1.6345188617706299,0.0002542734146118164,0.01555403949322968,True
6,RainRelation,1.125,-1.6347731351852417,-1.6337437629699707,0.001029372215270996,0.0629672437993616,True
6,RainRelation,1.5,-1.6347731351852417,-1.6327998638153076,0.001973271369934082,0.12070605519523248,True
6,SnowRelation,0.0,-1.6347731351852417,-1.6351031064987183,0.0003299713134765625,0.020184520073727025,True
6,SnowRelation,0.375,-1.6347731351852417,-1.6347994804382324,2.6345252990722656e-05,0.0016115530839211246,True
6,SnowRelation,0.75,-1.6347731351852417,-1.6346714496612549,0.0001016855239868164,0.006220157378211399,True
6,SnowRelation,1.125,-1.6347731351852417,-1.6341829299926758,0.000590205192565918,0.036103164337074604,True
6,SnowRelation,1.5,-1.6347731351852417,-1.6333744525909424,0.0013986825942993164,0.08555815535586676,True
6,FogRelation,0.0,-1.6347731351852417,-1.6346187591552734,0.00015437602996826172,0.009443263546053649,True
6,FogRelation,0.375,-1.6347731351852417,-1.630210518836975,0.0045626163482666016,0.27909765942985126,True
6,FogRelation,0.75,-1.6347731351852417,-1.62807297706604,0.00670015811920166,0.4098522220895331,True
6,FogRelation,1.125,-1.6347731351852417,-1.62807297706604,0.00670015811920166,0.4098522220895331,True
6,FogRelation,1.5,-1.6347731351852417,-1.62807297706604,0.00670015811920166,0.4098522220895331,True
6,DarkVisibiltyRelation,0.05,-1.6347731351852417,-1.6344521045684814,0.0003210306167602539,0.019637612918550172,True
6,DarkVisibiltyRelation,0.4125,-1.6347731351852417,-1.6320241689682007,0.0027489662170410156,0.16815571997837617,True
6,DarkVisibiltyRelation,0.775,-1.6347731351852417,-1.629594326019287,0.00517880916595459,0.3167905005646399,False
6,DarkVisibiltyRelation,1.1375,-1.6347731351852417,-1.62807297706604,0.00670015811920166,0.4098522220895331,False
6,DarkVisibiltyRelation,1.5,-1.6347731351852417,-1.62807297706604,0.00670015811920166,0.4098522220895331,False
6,DarkVisibiltyRelation,0.05,-1.6347731351852417,-1.6357848644256592,0.0010117292404174805,0.0618880136798126,True
6,DarkVisibiltyRelation,0.4125,-1.6347731351852417,-1.6354105472564697,0.0006374120712280273,0.038990834116408385,True
6,DarkVisibiltyRelation,0.775,-1.6347731351852417,-1.6350250244140625,0.0002518892288208008,0.015408197585182519,True
6,DarkVisibiltyRelation,1.1375,-1.6347731351852417,-1.6346509456634521,0.00012218952178955078,0.00747439778741698,True
6,DarkVisibiltyRelation,1.5,-1.6347731351852417,-1.6342740058898926,0.0004991292953491211,0.03053200344967307,True
6,TemporalSmoothnessRelation,0.0,-1.6304872035980225,-1.630592703819275,0.0001055002212524414,0.0,True
7,BrightnessRelation,0.1,-1.63333261013031,-1.6355905532836914,0.0022579431533813477,0.13824139412653152,True
7,BrightnessRelation,0.825,-1.63333261013031,-1.6337851285934448,0.0004525184631347656,0.02770520733352588,True
7,BrightnessRelation,1.55,-1.63333261013031,-1.631901502609253,0.001431107521057129,0.08761881297127982,True
7,BrightnessRelation,2.275,-1.63333261013031,-1.630346417427063,0.0029861927032470703,0.18282809370516945,True
7,BrightnessRelation,3.0,-1.63333261013031,-1.6288526058197021,0.00448000431060791,0.2742859317179231,True
7,RotationRelation,-60.0,-1.63333261013031,-1.634000301361084,0.0006676912307739258,0.040879048017670824,True
7,RotationRelation,-30.0,-1.63333261013031,-1.635237455368042,0.0019048452377319336,0.11662315805648314,True
7,RotationRelation,0.0,-1.63333261013031,-1.633333683013916,1.0728836059570312e-06,6.56867402533543e-05,True
7,RotationRelation,30.0,-1.63333261013031,-1.627422571182251,0.005910038948059082,0.36183905794894955,True
7,RotationRelation,60.0,-1.63333261013031,-1.6311217546463013,0.002210855484008789,0.13535847608207877,True
7,TranslationRelation,0.0,-1.63333261013031,-1.633333683013916,1.0728836059570312e-06,6.56867402533543e-05,True
7,TranslationRelation,20.0,-1.63333261013031,-1.6338889598846436,0.0005563497543334961,0.034062224084711615,True
7,TranslationRelation,40.0,-1.63333261013031,-1.6322135925292969,0.0011190176010131836,0.06851127008424852,True
7,TranslationRelation,60.0,-1.63333261013031,-1.6309566497802734,0.002375960350036621,0.14546693555440052,True
7,TranslationRelation,80.0,-1.63333261013031,-1.6307060718536377,0.0026265382766723633,0.16080843866690614,True
7,NoiseRelation,0.0,-1.63333261013031,-1.633333683013916,1.0728836059570312e-06,6.56867402533543e-05,True
7,NoiseRelation,37.5,-1.63333261013031,-1.6333253383636475,7.271766662597656e-06,0.00044521012838384585,True
7,NoiseRelation,75.0,-1.63333261013031,-1.6333346366882324,2.0265579223632812e-06,0.00012407495381189145,True
7,NoiseRelation,112.5,-1.63333261013031,-1.633537769317627,0.00020515918731689453,0.012560764441780305,True
7,NoiseRelation,150.0,-1.63333261013031,-1.6333446502685547,1.2040138244628906e-05,0.0007371511961765315,True
7,BlurRelation,1.0,-1.63333261013031,-1.633333683013916,1.0728836059570312e-06,6.56867402533543e-05,True
7,BlurRelation,8.5,-1.63333261013031,-1.6333086490631104,2.396106719970703e-05,0.001467003865658246,True
7,BlurRelation,16.0,-1.63333261013031,-1.6332250833511353,0.00010752677917480469,0.006583271078725064,True
7,BlurRelation,23.5,-1.63333261013031,-1.6331584453582764,0.0001741647720336914,0.010663147501127847,True
7,BlurRelation,31.0,-1.63333261013031,-1.6330797672271729,0.00025284290313720703,0.015480175119707163,True
7,ContrastRelation,0.1,-1.63333261013031,-1.6355905532836914,0.0022579431533813477,0.13824139412653152,True
7,ContrastRelation,1.075,-1.63333261013031,-1.633155107498169,0.00017750263214111328,0.010867506248582728,True
7,ContrastRelation,2.05,-1.63333261013031,-1.6308001279830933,0.002532482147216797,0.1550499011046954,True
7,ContrastRelation,3.025,-1.63333261013031,-1.6288132667541504,0.004519343376159668,0.2766944455272128,True
7,ContrastRelation,4.0,-1.63333261013031,-1.627319097518921,0.00601351261138916,0.36817417912005085,True
7,RainRelation,0.0,-1.63333261013031,-1.6343294382095337,0.0009968280792236328,0.06103028022206096,True
7,RainRelation,0.375,-1.63333261013031,-1.6341725587844849,0.0008399486541748047,0.0514254190916816,True
7,RainRelation,0.75,-1.63333261013031,-1.6338459253311157,0.0005133152008056641,0.031427455947882627,True
7,RainRelation,1.125,-1.63333261013031,-1.6336479187011719,0.0003153085708618164,0.019304603107791345,True
7,RainRelation,1.5,-1.63333261013031,-1.6327400207519531,0.0005925893783569336,0.03628097619993602,True
7,SnowRelation,0.0,-1.63333261013031,-1.6340949535369873,0.0007623434066772461,0.04667407821335564,True
7,SnowRelation,0.375,-1.63333261013031,-1.6335129737854004,0.00018036365509033203,0.01104267088925834,True
7,SnowRelation,0.75,-1.63333261013031,-1.6329450607299805,0.00038754940032958984,0.023727510284850536,True
7,SnowRelation,1.125,-1.63333261013031,-1.6323201656341553,0.0010124444961547852,0.061986387219082,True
7,SnowRelation,1.5,-1.63333261013031,-1.631594181060791,0.001738429069519043,0.1064344147905184,True
7,FogRelation,0.0,-1.63333261013031,-1.6332629919052124,6.961822509765625e-05,0.004262339589773212,True
7,FogRelation,0.375,-1.63333261013031,-1.629773736000061,0.0035588741302490234,0.217890215947071,True
7,FogRelation,0.75,-1.63333261013031,-1.62807297706604,0.0052596330642700195,0.3220182963020272,True
7,FogRelation,1.125,-1.63333261013031,-1.62807297706604,0.0052596330642700195,0.3220182963020272,True
7,FogRelation,1.5,-1.63333261013031,-1.62807297706604,0.0052596330642700195,0.3220182963020272,True
7,DarkVisibiltyRelation,0.05,-1.63333261013031,-1.6330842971801758,0.00024831295013427734,0.015202831105304111,True
7,DarkVisibiltyRelation,0.4125,-1.63333261013031,-1.6311817169189453,0.002150893211364746,0.13168731715458573,True
7,DarkVisibiltyRelation,0.775,-1.63333261013031,-1.6292721033096313,0.004060506820678711,0.2486024162788616,True
7,DarkVisibiltyRelation,1.1375,-1.63333261013031,-1.62807297706604,0.0052596330642700195,0.3220182963020272,False
7,DarkVisibiltyRelation,1.5,-1.63333261013031,-1.62807297706604,0.0052596330642700195,0.3220182963020272,False
7,DarkVisibiltyRelation,0.05,-1.63333261013031,-1.6357159614562988,0.0023833513259887695,0.14591944420947917,True
7,DarkVisibiltyRelation,0.4125,-1.63333261013031,-1.6348141431808472,0.0014815330505371094,0.09070608976318746,True
7,DarkVisibiltyRelation,0.775,-1.63333261013031,-1.6339083909988403,0.0005757808685302734,0.0352518839359668,True
7,DarkVisibiltyRelation,1.1375,-1.63333261013031,-1.6329855918884277,0.0003470182418823242,0.021246011208612706,True
7,DarkVisibiltyRelation,1.5,-1.63333261013031,-1.6320207118988037,0.0013118982315063477,0.08032028627646268,True
7,TemporalSmoothnessRelation,0.0,-1.6304872035980225,-1.630592703819275,0.0001055002212524414,0.0,True
8,BrightnessRelation,0.1,-1.6327340602874756,-1.6355295181274414,0.0027954578399658203,0.17121319361352014,True
8,BrightnessRelation,0.825,-1.6327340602874756,-1.633288860321045,0.0005548000335693359,0.03397979544039756,True
8,BrightnessRelation,1.55,-1.6327340602874756,-1.6305803060531616,0.002153754234313965,0.13191082170641658,True
8,BrightnessRelation,2.275,-1.6327340602874756,-1.6301177740097046,0.002616286277770996,0.160239486577225,True
8,BrightnessRelation,3.0,-1.6327340602874756,-1.6294214725494385,0.0033125877380371094,0.20288580913144982,True
8,RotationRelation,-60.0,-1.6327340602874756,-1.631165862083435,0.0015681982040405273,0.09604731607615598,True
8,RotationRelation,-30.0,-1.6327340602874756,-1.6349515914916992,0.002217531204223633,0.13581696492958215,True
8,RotationRelation,0.0,-1.6327340602874756,-1.6327340602874756,0.0,0.0,True
8,RotationRelation,30.0,-1.6327340602874756,-1.6315139532089233,0.001220107078552246,0.07472780540018673,True
8,RotationRelation,60.0,-1.6327340602874756,-1.628943920135498,0.003790140151977539,0.2321344254903309,True
8,TranslationRelation,0.0,-1.6327340602874756,-1.6327340602874756,0.0,0.0,True
8,TranslationRelation,20.0,-1.6327340602874756,-1.63055419921875,0.002179861068725586,0.13350978500711425,True
8,TranslationRelation,40.0,-1.6327340602874756,-1.6283245086669922,0.0044095516204833984,0.2700714725698981,True
8,TranslationRelation,60.0,-1.6327340602874756,-1.6256251335144043,0.007108926773071289,0.43539989714066785,True
8,TranslationRelation,80.0,-1.6327340602874756,-1.626744270324707,0.005989789962768555,0.36685621007696945,True
8,NoiseRelation,0.0,-1.6327340602874756,-1.6327340602874756,0.0,0.0,True
8,NoiseRelation,37.5,-1.6327340602874756,-1.6327369213104248,2.86102294921875e-06,0.0001752288548709801,True
8,NoiseRelation,75.0,-1.6327340602874756,-1.6328444480895996,0.00011038780212402344,0.006760913317105316,True
8,NoiseRelation,112.5,-1.6327340602874756,-1.632514476776123,0.00021958351135253906,0.013448814611347724,True
8,NoiseRelation,150.0,-1.6327340602874756,-1.632943868637085,0.000209808349609375,0.012850116023871875,True
8,BlurRelation,1.0,-1.6327340602874756,-1.6327340602874756,0.0,0.0,True
8,BlurRelation,8.5,-1.6327340602874756,-1.6327120065689087,2.205371856689453e-05,0.001350722422963805,True
8,BlurRelation,16.0,-1.6327340602874756,-1.6328034400939941,6.937980651855469e-05,0.004249299730621267,True
8,BlurRelation,23.5,-1.6327340602874756,-1.6328868865966797,0.00015282630920410156,0.009360141331024854,True
8,BlurRelation,31.0,-1.6327340602874756,-1.6329939365386963,0.0002598762512207031,0.015916620984114026,True
8,ContrastRelation,0.1,-1.6327340602874756,-1.6355295181274414,0.0027954578399658203,0.17121319361352014,True
8,ContrastRelation,1.075,-1.6327340602874756,-1.6325089931488037,0.000225067138671875,0.013784669916517103,True
8,ContrastRelation,2.05,-1.6327340602874756,-1.6299707889556885,0.0027632713317871094,0.16924186899622162,True
8,ContrastRelation,3.025,-1.6327340602874756,-1.6293976306915283,0.0033364295959472656,0.20434604958870797,True
8,ContrastRelation,4.0,-1.6327340602874756,-1.628458023071289,0.0042760372161865234,0.2618941260092523,True
8,RainRelation,0.0,-1.6327340602874756,-1.6339727640151978,0.001238703727722168,0.0758667929568481,True
8,RainRelation,0.375,-1.6327340602874756,-1.633739948272705,0.0010058879852294922,0.061607544891722085,True
8,RainRelation,0.75,-1.6327340602874756,-1.63297438621521,0.000240325927734375,0.014719223809162327,True
8,RainRelation,1.125,-1.6327340602874756,-1.6333823204040527,0.0006482601165771484,0.03970393803284958,True
8,RainRelation,1.5,-1.6327340602874756,-1.6310443878173828,0.0016896724700927734,0.10348724120588634,True
8,SnowRelation,0.0,-1.6327340602874756,-1.633673071861267,0.0009390115737915039,0.057511570409112936,True
8,SnowRelation,0.375,-1.6327340602874756,-1.632913589477539,0.00017952919006347656,0.010995610643154002,True
8,SnowRelation,0.75,-1.6327340602874756,-1.6321427822113037,0.000591278076171875,0.036213963340002556,True
8,SnowRelation,1.125,-1.6327340602874756,-1.6310327053070068,0.00170135498046875,0.10420275902994283,True
8,SnowRelation,1.5,-1.6327340602874756,-1.6303237676620483,0.002410292625427246,0.14762300902651446,True
8,FogRelation,0.0,-1.6327340602874756,-1.6327927112579346,5.8650970458984375e-05,0.0035921915248550923,True
8,FogRelation,0.375,-1.6327340602874756,-1.629617691040039,0.0031163692474365234,0.19086803016821507,True
8,FogRelation,0.75,-1.6327340602874756,-1.62807297706604,0.004661083221435547,0.28547700939397175,True
8,FogRelation,1.125,-1.6327340602874756,-1.62807297706604,0.004661083221435547,0.28547700939397175,True
8,FogRelation,1.5,-1.6327340602874756,-1.62807297706604,0.004661083221435547,0.28547700939397175,True
8,DarkVisibiltyRelation,0.05,-1.6327340602874756,-1.6325119733810425,0.00022208690643310547,0.013602139859359832,True
8,DarkVisibiltyRelation,0.4125,-1.6327340602874756,-1.6308287382125854,0.0019053220748901367,0.11669511614178646,True
8,DarkVisibiltyRelation,0.775,-1.6327340602874756,-1.6291369199752808,0.0035971403121948242,0.22031377898882604,True
8,DarkVisibiltyRelation,1.1375,-1.6327340602874756,-1.62807297706604,0.004661083221435547,0.28547700939397175,True
8,DarkVisibiltyRelation,1.5,-1.6327340602874756,-1.62807297706604,0.004661083221435547,0.28547700939397175,True
8,DarkVisibiltyRelation,0.05,-1.6327340602874756,-1.635688066482544,0.0029540061950683594,0.18092379265428696,True
8,DarkVisibiltyRelation,0.4125,-1.6327340602874756,-1.6345643997192383,0.0018303394317626953,0.11210265990370953,True
8,DarkVisibiltyRelation,0.775,-1.6327340602874756,-1.6334424018859863,0.0007083415985107422,0.04338374398514016,True
8,DarkVisibiltyRelation,1.1375,-1.6327340602874756,-1.6322749853134155,0.0004590749740600586,0.028116930004506015,True
8,DarkVisibiltyRelation,1.5,-1.6327340602874756,-1.630745530128479,0.001988530158996582,0.12179135533761747,True
8,TemporalSmoothnessRelation,0.0,-1.6304872035980225,-1.630592703819275,0.0001055002212524414,0.0,True
9,BrightnessRelation,0.1,-1.6377265453338623,-1.6360304355621338,0.0016961097717285156,0.10356483143737756,True
9,BrightnessRelation,0.825,-1.6377265453338623,-1.6374082565307617,0.00031828880310058594,0.019434783521070993,True
9,BrightnessRelation,1.55,-1.6377265453338623,-1.6362061500549316,0.001520395278930664,0.09283566630252413,True
9,BrightnessRelation,2.275,-1.6377265453338623,-1.6331628561019897,0.004563689231872559,0.278659856755491,True
9,BrightnessRelation,3.0,-1.6377265453338623,-1.6324543952941895,0.0052721500396728516,0.32191862771643664,True
9,RotationRelation,-60.0,-1.6377265453338623,-1.6307913064956665,0.006935238838195801,0.4234671913503173,True
9,RotationRelation,-30.0,-1.6377265453338623,-1.6341536045074463,0.0035729408264160156,0.21816454370544563,True
9,RotationRelation,0.0,-1.6377265453338623,-1.6377259492874146,5.960464477539062e-07,3.63947256948895e-05,True
9,RotationRelation,30.0,-1.6377265453338623,-1.6330723762512207,0.0046541690826416016,0.2841845761159752,True
9,RotationRelation,60.0,-1.6377265453338623,-1.629738211631775,0.007988333702087402,0.4877693927080481,True
9,TranslationRelation,0.0,-1.6377265453338623,-1.6377259492874146,5.960464477539062e-07,3.63947256948895e-05,True
9,TranslationRelation,20.0,-1.6377265453338623,-1.6383142471313477,0.0005877017974853516,0.03588519953516105,True
9,TranslationRelation,40.0,-1.6377265453338623,-1.6348294019699097,0.0028971433639526367,0.17690020371257992,True
9,TranslationRelation,60.0,-1.6377265453338623,-1.628309726715088,0.009416818618774414,0.5749929923084203,True
9,TranslationRelation,80.0,-1.6377265453338623,-1.6270992755889893,0.010627269744873047,0.6489034012496019,False
9,NoiseRelation,0.0,-1.6377265453338623,-1.6377259492874146,5.960464477539062e-07,3.63947256948895e-05,True
9,NoiseRelation,37.5,-1.6377265453338623,-1.6376488208770752,7.772445678710938e-05,0.004745872230613591,True
9,NoiseRelation,75.0,-1.6377265453338623,-1.6372966766357422,0.0004298686981201172,0.02624787617115431,True
9,NoiseRelation,112.5,-1.6377265453338623,-1.6368532180786133,0.0008733272552490234,0.053325552088152095,True
9,NoiseRelation,150.0,-1.6377265453338623,-1.6363003253936768,0.0014262199401855469,0.0870852996427316,True
9,BlurRelation,1.0,-1.6377265453338623,-1.6377259492874146,5.960464477539062e-07,3.63947256948895e-05,True
9,BlurRelation,8.5,-1.6377265453338623,-1.6377733945846558,4.684925079345703e-05,0.0028606254396183147,True
9,BlurRelation,16.0,-1.6377265453338623,-1.6378644704818726,0.0001379251480102539,0.008421739525797431,True
9,BlurRelation,23.5,-1.6377265453338623,-1.6379531621932983,0.00022661685943603516,0.013837274709196988,True
9,BlurRelation,31.0,-1.6377265453338623,-1.6380558013916016,0.0003292560577392578,0.02010444647385696,True
9,ContrastRelation,0.1,-1.6377265453338623,-1.6360304355621338,0.0016961097717285156,0.10356483143737756,True
9,ContrastRelation,1.075,-1.6377265453338623,-1.6378943920135498,0.0001678466796875,0.010248754755680883,True
9,ContrastRelation,2.05,-1.6377265453338623,-1.6337754726409912,0.003951072692871094,0.24125335768628353,True
9,ContrastRelation,3.025,-1.6377265453338623,-1.632440447807312,0.005286097526550293,0.322770264297697,True
9,ContrastRelation,4.0,-1.6377265453338623,-1.6314831972122192,0.006243348121643066,0.38122019376368954,True
9,RainRelation,0.0,-1.6377265453338623,-1.6369683742523193,0.0007581710815429688,0.046294091083899445,True
9,RainRelation,0.375,-1.6377265453338623,-1.6371344327926636,0.0005921125411987305,0.036154520505303225,True
9,RainRelation,0.75,-1.6377265453338623,-1.6358206272125244,0.0019059181213378906,0.11637577488197866,True
9,RainRelation,1.125,-1.6377265453338623,-1.635610580444336,0.002115964889526367,0.12920127621685773,True
9,RainRelation,1.5,-1.6377265453338623,-1.633922815322876,0.003803730010986328,0.23225658149450684,True
9,SnowRelation,0.0,-1.6377265453338623,-1.6371710300445557,0.0005555152893066406,0.033919884347637014,True
9,SnowRelation,0.375,-1.6377265453338623,-1.6375842094421387,0.0001423358917236328,0.008691060495939613,True
9,SnowRelation,0.75,-1.6377265453338623,-1.6377174854278564,9.059906005859375e-06,0.0005531998305623204,True
9,SnowRelation,1.125,-1.6377265453338623,-1.6367357969284058,0.000990748405456543,0.06049531305004533,True
9,SnowRelation,1.5,-1.6377265453338623,-1.6352806091308594,0.0024459362030029297,0.14934939636154856,True
9,FogRelation,0.0,-1.6377265453338623,-1.6378533840179443,0.00012683868408203125,0.007744797627872486,True
9,FogRelation,0.375,-1.6377265453338623,-1.6312639713287354,0.006462574005126953,0.3946061738742699,True
9,FogRelation,0.75,-1.6377265453338623,-1.62807297706604,0.009653568267822266,0.5894489773544304,True
9,FogRelation,1.125,-1.6377265453338623,-1.62807297706604,0.009653568267822266,0.5894489773544304,True
9,FogRelation,1.5,-1.6377265453338623,-1.62807297706604,0.009653568267822266,0.5894489773544304,True
9,DarkVisibiltyRelation,0.05,-1.6377265453338623,-1.637256383895874,0.00047016143798828125,0.02870815962812884,True
9,DarkVisibiltyRelation,0.4125,-1.6377265453338623,-1.6337591409683228,0.003967404365539551,0.2422505731703235,True
9,DarkVisibiltyRelation,0.775,-1.6377265453338623,-1.630260944366455,0.0074656009674072266,0.45585121827363,False
9,DarkVisibiltyRelation,1.1375,-1.6377265453338623,-1.62807297706604,0.009653568267822266,0.5894489773544304,False
9,DarkVisibiltyRelation,1.5,-1.6377265453338623,-1.62807297706604,0.009653568267822266,0.5894489773544304,False
9,DarkVisibiltyRelation,0.05,-1.6377265453338623,-1.635940432548523,0.0017861127853393555,0.10906043501730588,True
9,DarkVisibiltyRelation,0.4125,-1.6377265453338623,-1.6366260051727295,0.0011005401611328125,0.06719922152304397,True
9,DarkVisibiltyRelation,0.775,-1.6377265453338623,-1.637316346168518,0.0004101991653442383,0.025046850223222956,True
9,DarkVisibiltyRelation,1.1375,-1.6377265453338623,-1.637865424156189,0.00013887882232666016,0.008479971086909253,True
9,DarkVisibiltyRelation,1.5,-1.6377265453338623,-1.6364314556121826,0.0012950897216796875,0.07907845998985591,True
9,TemporalSmoothnessRelation,0.0,-1.6304872035980225,-1.630592703819275,0.0001055002212524414,0.0,True
