sample_id,prediction
0,-1.6304872035980225
1,-1.630592703819275
2,-1.6306153535842896
3,-1.6298969984054565
4,-1.630307674407959
5,-1.636249303817749
6,-1.6347731351852417
7,-1.63333261013031
8,-1.6327340602874756
9,-1.6377265453338623
10,-1.631837248802185
11,-1.633262276649475
12,-1.6324076652526855
13,-1.6335582733154297
14,-1.6372134685516357
15,-1.6285953521728516
16,-1.6313971281051636
17,-1.6319189071655273
18,-1.6282048225402832
19,-1.6339986324310303
20,-1.6318278312683105
21,-1.6300930976867676
22,-1.6305415630340576
23,-1.6334559917449951
24,-1.6305186748504639
25,-1.6301084756851196
26,-1.6323837041854858
27,-1.633853793144226
28,-1.6308379173278809
29,-1.630210518836975
30,-1.6317837238311768
31,-1.6342673301696777
32,-1.6321141719818115
33,-1.6327526569366455
34,-1.63246750831604
35,-1.632568597793579
36,-1.6353193521499634
37,-1.6363364458084106
38,-1.6325442790985107
39,-1.6325030326843262
40,-1.6321967840194702
41,-1.634751319885254
42,-1.6310808658599854
43,-1.6330525875091553
44,-1.6318185329437256
45,-1.6331140995025635
46,-1.6329004764556885
47,-1.6335899829864502
48,-1.6352920532226562
49,-1.6321433782577515
50,-1.6376756429672241
51,-1.6349188089370728
52,-1.633284091949463
53,-1.6327208280563354
54,-1.6349513530731201
55,-1.6339207887649536
56,-1.632865071296692
57,-1.6379369497299194
58,-1.6323370933532715
59,-1.6324776411056519
60,-1.632789134979248
61,-1.633109211921692
62,-1.6261225938796997
63,-1.6309360265731812
64,-1.6303625106811523
65,-1.6312286853790283
66,-1.632790446281433
67,-1.6316518783569336
68,-1.6336387395858765
69,-1.6293057203292847
70,-1.6273446083068848
71,-1.6288566589355469
72,-1.632523536682129
73,-1.636430025100708
74,-1.6351163387298584
75,-1.6374917030334473
76,-1.6324807405471802
77,-1.6361665725708008
78,-1.6319774389266968
79,-1.6317082643508911
80,-1.6334611177444458
81,-1.634683609008789
82,-1.6357038021087646
83,-1.63310706615448
84,-1.6300034523010254
85,-1.633196473121643
86,-1.632333517074585
87,-1.6271013021469116
88,-1.6295381784439087
89,-1.6303727626800537
90,-1.627716064453125
91,-1.632385015487671
92,-1.630639910697937
93,-1.6306779384613037
94,-1.6292519569396973
95,-1.6282141208648682
96,-1.632365107536316
97,-1.6319527626037598
98,-1.6322462558746338
99,-1.6309975385665894
100,-1.6323349475860596
101,-1.6327636241912842
102,-1.6317616701126099
103,-1.640181541442871
104,-1.63786780834198
105,-1.6348949670791626
106,-1.6340676546096802
107,-1.6287800073623657
108,-1.6344701051712036
109,-1.6325817108154297
110,-1.6308114528656006
111,-1.631906270980835
112,-1.6328389644622803
113,-1.6332011222839355
114,-1.6309441328048706
115,-1.6314561367034912
116,-1.6333178281784058
117,-1.6344112157821655
118,-1.6366996765136719
119,-1.635155439376831
120,-1.633428931236267
121,-1.631716012954712
122,-1.6333425045013428
123,-1.6339333057403564
124,-1.6350631713867188
125,-1.6333588361740112
126,-1.6322129964828491
127,-1.6293164491653442
128,-1.6305065155029297
129,-1.6353665590286255
130,-1.625044822692871
131,-1.6332776546478271
132,-1.6277016401290894
133,-1.6313015222549438
134,-1.630662441253662
135,-1.631912112236023
136,-1.6311492919921875
137,-1.6324741840362549
138,-1.6359171867370605
139,-1.634515643119812
140,-1.6329891681671143
141,-1.6321115493774414
142,-1.6316026449203491
143,-1.6330119371414185
144,-1.634817123413086
145,-1.6321709156036377
146,-1.63377845287323
147,-1.630265474319458
148,-1.6281880140304565
149,-1.6347761154174805
150,-1.6297656297683716
151,-1.631709098815918
152,-1.6328426599502563
153,-1.6308287382125854
154,-1.6337026357650757
155,-1.6315829753875732
156,-1.6305572986602783
157,-1.6313908100128174
158,-1.6355736255645752
159,-1.6380852460861206
160,-1.6334134340286255
161,-1.6383693218231201
162,-1.634858250617981
163,-1.635642647743225
164,-1.6357172727584839
165,-1.63332998752594
166,-1.6360845565795898
167,-1.6350736618041992
168,-1.6300865411758423
169,-1.6284873485565186
170,-1.6319189071655273
171,-1.6341967582702637
172,-1.633759617805481
173,-1.6318820714950562
174,-1.6383568048477173
175,-1.6365386247634888
176,-1.6394641399383545
177,-1.6351951360702515
178,-1.6310641765594482
179,-1.6330550909042358
180,-1.635913372039795
181,-1.6384282112121582
182,-1.6333552598953247
183,-1.6302440166473389
184,-1.6367303133010864
185,-1.6318601369857788
186,-1.6336590051651
187,-1.6350716352462769
188,-1.6367729902267456
189,-1.6361571550369263
190,-1.6356983184814453
191,-1.631630778312683
192,-1.6318384408950806
193,-1.631901741027832
194,-1.630488634109497
195,-1.6336084604263306
196,-1.6351008415222168
197,-1.6324352025985718
198,-1.6239663362503052
199,-1.6325621604919434
200,-1.631579875946045
201,-1.6302586793899536
202,-1.6328433752059937
203,-1.6312023401260376
204,-1.631433129310608
205,-1.630281686782837
206,-1.6316460371017456
207,-1.634474754333496
208,-1.632889986038208
209,-1.6334353685379028
210,-1.6340736150741577
211,-1.633535623550415
212,-1.6310150623321533
213,-1.630525827407837
214,-1.6326662302017212
215,-1.6321438550949097
216,-1.632855772972107
217,-1.631394863128662
218,-1.6301270723342896
219,-1.6306411027908325
220,-1.6311568021774292
221,-1.6331497430801392
222,-1.6332343816757202
223,-1.633046269416809
224,-1.6322754621505737
225,-1.6316617727279663
226,-1.6344935894012451
227,-1.6356356143951416
228,-1.6377686262130737
229,-1.6332385540008545
230,-1.6356571912765503
231,-1.6327935457229614
232,-1.6326686143875122
233,-1.6362956762313843
234,-1.6328394412994385
235,-1.637152075767517
236,-1.6287147998809814
237,-1.6339552402496338
238,-1.6381744146347046
239,-1.634236454963684
240,-1.6333894729614258
241,-1.634597659111023
242,-1.6337999105453491
243,-1.633008599281311
244,-1.6311235427856445
245,-1.6360361576080322
246,-1.6345490217208862
247,-1.6313581466674805
248,-1.6328661441802979
249,-1.633461833000183
250,-1.627462387084961
251,-1.6289808750152588
252,-1.625556230545044
253,-1.6259751319885254
254,-1.6298037767410278
255,-1.627712607383728
256,-1.628869652748108
257,-1.6335548162460327
258,-1.6356712579727173
259,-1.635785460472107
260,-1.6349352598190308
261,-1.6362591981887817
262,-1.6351687908172607
263,-1.6247775554656982
264,-1.6345957517623901
265,-1.6371088027954102
266,-1.6312521696090698
267,-1.6309778690338135
268,-1.6346124410629272
269,-1.6365448236465454
270,-1.635646104812622
271,-1.6371647119522095
272,-1.6299481391906738
273,-1.6304175853729248
274,-1.630916714668274
275,-1.6374150514602661
276,-1.6380270719528198
277,-1.637640118598938
278,-1.6390422582626343
279,-1.6419004201889038
280,-1.6323957443237305
281,-1.6323554515838623
282,-1.6332582235336304
283,-1.6358160972595215
284,-1.6306029558181763
285,-1.6296077966690063
286,-1.6310149431228638
287,-1.6322766542434692
288,-1.6305650472640991
289,-1.632022738456726
290,-1.6296923160552979
291,-1.6307317018508911
292,-1.6300957202911377
293,-1.6314644813537598
294,-1.6298571825027466
295,-1.6314256191253662
296,-1.6328526735305786
297,-1.636533260345459
298,-1.636677861213684
299,-1.6317164897918701
300,-1.6355419158935547
301,-1.635658860206604
302,-1.6367673873901367
303,-1.6382123231887817
304,-1.6404832601547241
305,-1.633724570274353
306,-1.636942982673645
307,-1.631950855255127
308,-1.6366159915924072
309,-1.6361147165298462
310,-1.6390118598937988
311,-1.6353627443313599
312,-1.6365461349487305
313,-1.6365461349487305
314,-1.6366256475448608
315,-1.6357821226119995
316,-1.633462905883789
317,-1.6314209699630737
318,-1.62852144241333
319,-1.6362674236297607
320,-1.6300358772277832
321,-1.6345553398132324
322,-1.63527250289917
323,-1.6306283473968506
324,-1.635180115699768
325,-1.6263848543167114
326,-1.633618712425232
327,-1.6341421604156494
328,-1.6358975172042847
329,-1.6351168155670166
330,-1.6327548027038574
331,-1.6365119218826294
332,-1.6295911073684692
333,-1.631516933441162
334,-1.634865164756775
335,-1.6357362270355225
336,-1.6363747119903564
337,-1.634648084640503
338,-1.630782127380371
339,-1.6332502365112305
340,-1.6315150260925293
341,-1.629256010055542
342,-1.6354048252105713
343,-1.6351112127304077
344,-1.6346853971481323
345,-1.630240797996521
346,-1.6336758136749268
347,-1.632232904434204
348,-1.63145911693573
349,-1.6277868747711182
350,-1.6286935806274414
351,-1.6336685419082642
352,-1.6338180303573608
353,-1.6359834671020508
354,-1.6330574750900269
355,-1.63323175907135
356,-1.6346923112869263
357,-1.6362507343292236
358,-1.6341032981872559
359,-1.6369223594665527
360,-1.639909029006958
361,-1.6388652324676514
362,-1.635233759880066
363,-1.6330753564834595
364,-1.6399413347244263
365,-1.6414690017700195
366,-1.6433175802230835
367,-1.6384493112564087
368,-1.6321691274642944
369,-1.6324468851089478
370,-1.6311761140823364
371,-1.6331487894058228
372,-1.6323195695877075
373,-1.6349248886108398
374,-1.6307421922683716
375,-1.6314940452575684
376,-1.6323519945144653
377,-1.6325008869171143
378,-1.6342244148254395
379,-1.631888508796692
380,-1.6331976652145386
381,-1.6340007781982422
382,-1.6285688877105713
383,-1.6375340223312378
384,-1.637497901916504
385,-1.633623480796814
386,-1.6326338052749634
387,-1.6264100074768066
388,-1.6354053020477295
389,-1.63247811794281
390,-1.6311194896697998
391,-1.6324377059936523
392,-1.6288080215454102
393,-1.631083369255066
394,-1.6298543214797974
395,-1.6369998455047607
396,-1.632550835609436
397,-1.6374448537826538
398,-1.6329044103622437
399,-1.6342490911483765
400,-1.6371824741363525
401,-1.6339143514633179
402,-1.631057620048523
403,-1.6298257112503052
404,-1.635021448135376
405,-1.6320762634277344
406,-1.63114333152771
407,-1.6307151317596436
408,-1.6302154064178467
409,-1.633034348487854
410,-1.6335103511810303
411,-1.630932331085205
412,-1.6303755044937134
413,-1.6320991516113281
414,-1.6309113502502441
415,-1.6306732892990112
416,-1.6374542713165283
417,-1.6271319389343262
418,-1.6319279670715332
419,-1.6325932741165161
420,-1.6327016353607178
421,-1.6362124681472778
422,-1.6322025060653687
423,-1.630218505859375
424,-1.6307209730148315
425,-1.6343413591384888
426,-1.6320844888687134
427,-1.6340303421020508
428,-1.6343289613723755
429,-1.6333433389663696
430,-1.630379319190979
431,-1.6283996105194092
432,-1.6293537616729736
433,-1.6292775869369507
434,-1.6317503452301025
435,-1.632686734199524
436,-1.634255290031433
437,-1.631068229675293
438,-1.6331804990768433
439,-1.6354126930236816
440,-1.6327201128005981
441,-1.6352499723434448
442,-1.6304150819778442
443,-1.6343272924423218
444,-1.6352351903915405
445,-1.6334375143051147
446,-1.633405327796936
447,-1.6391905546188354
448,-1.6368604898452759
449,-1.6302462816238403
450,-1.6308847665786743
451,-1.6310772895812988
452,-1.6323704719543457
453,-1.6301153898239136
454,-1.633375883102417
455,-1.6298153400421143
456,-1.6337302923202515
457,-1.631480097770691
458,-1.6306039094924927
459,-1.6335524320602417
460,-1.6288634538650513
461,-1.6296695470809937
462,-1.633378267288208
463,-1.6271802186965942
464,-1.6330066919326782
465,-1.636358618736267
466,-1.627076268196106
467,-1.625838041305542
468,-1.6270946264266968
469,-1.6316008567810059
470,-1.629568099975586
471,-1.6275187730789185
472,-1.6264667510986328
473,-1.6298514604568481
474,-1.6266276836395264
475,-1.6305617094039917
476,-1.6299362182617188
477,-1.6248353719711304
478,-1.6281167268753052
479,-1.6301233768463135
480,-1.6293309926986694
481,-1.6332827806472778
482,-1.6313683986663818
483,-1.628905177116394
484,-1.6344045400619507
485,-1.6295764446258545
486,-1.6289255619049072
487,-1.636804461479187
488,-1.629001498222351
489,-1.6301515102386475
490,-1.6291660070419312
491,-1.6302571296691895
492,-1.6335684061050415
493,-1.6321313381195068
494,-1.6334646940231323
495,-1.6341794729232788
496,-1.6350831985473633
497,-1.6386348009109497
498,-1.6352081298828125
499,-1.6294537782669067
500,-1.6333749294281006
501,-1.6294097900390625
502,-1.6354336738586426
503,-1.6336358785629272
504,-1.630183219909668
505,-1.6290292739868164
506,-1.629584550857544
507,-1.629981517791748
508,-1.6347993612289429
509,-1.6337757110595703
510,-1.6324710845947266
511,-1.6360679864883423
512,-1.630491852760315
513,-1.6298388242721558
514,-1.632320761680603
515,-1.6345041990280151
516,-1.629291296005249
517,-1.6366897821426392
518,-1.632076621055603
519,-1.6350692510604858
520,-1.6352388858795166
521,-1.6354382038116455
522,-1.6298600435256958
523,-1.635534405708313
524,-1.6361572742462158
525,-1.6336380243301392
526,-1.631051778793335
527,-1.6346303224563599
528,-1.6346161365509033
529,-1.6335526704788208
530,-1.6323403120040894
531,-1.6328142881393433
532,-1.6397030353546143
533,-1.6305595636367798
534,-1.6342709064483643
535,-1.6342401504516602
536,-1.6341774463653564
537,-1.6334457397460938
538,-1.6312774419784546
539,-1.6338742971420288
540,-1.6328628063201904
541,-1.6336339712142944
542,-1.6295864582061768
543,-1.6324796676635742
544,-1.6314451694488525
545,-1.6301296949386597
546,-1.631865382194519
547,-1.6326904296875
548,-1.6348930597305298
549,-1.6323970556259155
550,-1.6330485343933105
551,-1.6288862228393555
552,-1.635482668876648
553,-1.6322752237319946
554,-1.6339852809906006
555,-1.6337391138076782
556,-1.632903814315796
557,-1.631637692451477
558,-1.6323152780532837
559,-1.6276545524597168
560,-1.633419156074524
561,-1.6352087259292603
562,-1.6338987350463867
563,-1.6318238973617554
564,-1.6348830461502075
565,-1.634597897529602
566,-1.6353089809417725
567,-1.633268117904663
568,-1.6332659721374512
569,-1.6341607570648193
570,-1.6267642974853516
571,-1.6323316097259521
572,-1.6346179246902466
573,-1.6279371976852417
574,-1.6303633451461792
575,-1.6302587985992432
576,-1.6273133754730225
577,-1.6309212446212769
578,-1.6311218738555908
579,-1.6295751333236694
580,-1.6331775188446045
581,-1.6297630071640015
582,-1.6312321424484253
583,-1.6251823902130127
584,-1.6311577558517456
585,-1.6356589794158936
586,-1.6343775987625122
587,-1.6282848119735718
588,-1.6286669969558716
589,-1.6366053819656372
590,-1.631591796875
591,-1.6333940029144287
592,-1.6386542320251465
593,-1.6355267763137817
594,-1.6330469846725464
595,-1.6366456747055054
596,-1.6291353702545166
597,-1.6321780681610107
598,-1.6314200162887573
599,-1.6317672729492188
600,-1.6309963464736938
601,-1.6311538219451904
602,-1.6283495426177979
603,-1.6285523176193237
604,-1.6267822980880737
605,-1.631710171699524
606,-1.627394199371338
607,-1.6323705911636353
608,-1.6288361549377441
609,-1.6280242204666138
610,-1.6349269151687622
611,-1.6331093311309814
612,-1.632703423500061
613,-1.6307895183563232
614,-1.635630488395691
615,-1.6300240755081177
616,-1.6334445476531982
617,-1.632584571838379
618,-1.6298747062683105
619,-1.631691336631775
620,-1.6296119689941406
621,-1.6294336318969727
622,-1.6266752481460571
623,-1.6287875175476074
624,-1.6297630071640015
625,-1.6298165321350098
626,-1.6277819871902466
627,-1.632218599319458
628,-1.6317505836486816
629,-1.630540370941162
630,-1.6383177042007446
631,-1.631198763847351
632,-1.6328284740447998
633,-1.6305782794952393
634,-1.6284003257751465
635,-1.6287647485733032
636,-1.632560133934021
637,-1.635196566581726
638,-1.6285927295684814
639,-1.6294119358062744
640,-1.6359264850616455
641,-1.6342312097549438
642,-1.6307071447372437
643,-1.6313719749450684
644,-1.6347490549087524
645,-1.6332632303237915
646,-1.6355862617492676
647,-1.6378324031829834
648,-1.633514165878296
649,-1.6339327096939087
650,-1.6320624351501465
651,-1.631384253501892
652,-1.6331918239593506
653,-1.630307674407959
654,-1.635594367980957
655,-1.633509874343872
656,-1.6426990032196045
657,-1.6346808671951294
658,-1.6340140104293823
659,-1.633537769317627
660,-1.6337379217147827
661,-1.6337456703186035
662,-1.6318581104278564
663,-1.6298962831497192
664,-1.6298105716705322
665,-1.632028579711914
666,-1.6347392797470093
667,-1.6332095861434937
668,-1.6314986944198608
669,-1.630796194076538
670,-1.6276187896728516
671,-1.6306072473526
672,-1.6304718255996704
673,-1.624776005744934
674,-1.633927822113037
675,-1.6294076442718506
676,-1.6345707178115845
677,-1.631242275238037
678,-1.634216070175171
679,-1.6373859643936157
680,-1.6345748901367188
681,-1.635785698890686
682,-1.629710078239441
683,-1.630919098854065
684,-1.6259323358535767
685,-1.6335716247558594
686,-1.6334422826766968
687,-1.63246488571167
688,-1.6334770917892456
689,-1.627483606338501
690,-1.6307621002197266
691,-1.6290844678878784
692,-1.6291708946228027
693,-1.6270736455917358
694,-1.634915828704834
695,-1.6335612535476685
696,-1.6306122541427612
697,-1.6293761730194092
698,-1.6311715841293335
699,-1.6291757822036743
700,-1.6313709020614624
701,-1.6288882493972778
702,-1.6315463781356812
703,-1.627858281135559
704,-1.6280075311660767
705,-1.631411075592041
706,-1.6285021305084229
707,-1.6251540184020996
708,-1.6297855377197266
709,-1.6253292560577393
710,-1.6251555681228638
711,-1.6240062713623047
712,-1.6233090162277222
713,-1.6332147121429443
714,-1.6341183185577393
715,-1.6329920291900635
716,-1.6318387985229492
717,-1.6346540451049805
718,-1.6296920776367188
719,-1.6303995847702026
720,-1.6337395906448364
721,-1.6291908025741577
722,-1.6325976848602295
723,-1.6275677680969238
724,-1.6297638416290283
725,-1.6328727006912231
726,-1.6331045627593994
727,-1.6267261505126953
728,-1.6305335760116577
729,-1.6323728561401367
730,-1.6363247632980347
731,-1.6295783519744873
732,-1.6311781406402588
733,-1.6300017833709717
734,-1.628525972366333
735,-1.6298694610595703
736,-1.630078673362732
737,-1.6280072927474976
738,-1.628572702407837
739,-1.6273982524871826
740,-1.6280064582824707
741,-1.632047414779663
742,-1.6293200254440308
743,-1.628075122833252
744,-1.6283429861068726
745,-1.6305361986160278
746,-1.6284860372543335
747,-1.6290998458862305
748,-1.628953218460083
749,-1.6290382146835327
750,-1.6290546655654907
751,-1.63306725025177
752,-1.6348724365234375
753,-1.6312390565872192
754,-1.6323460340499878
755,-1.6312936544418335
756,-1.6336041688919067
757,-1.6339420080184937
758,-1.6361339092254639
759,-1.633382797241211
760,-1.6306061744689941
761,-1.6322211027145386
762,-1.6359045505523682
763,-1.6342121362686157
764,-1.6363176107406616
765,-1.6363354921340942
766,-1.635569453239441
767,-1.632660984992981
768,-1.6334068775177002
769,-1.6345969438552856
770,-1.6355093717575073
771,-1.635391116142273
772,-1.6391605138778687
773,-1.632399320602417
774,-1.6315295696258545
775,-1.6236873865127563
776,-1.6303120851516724
777,-1.6338510513305664
778,-1.6345022916793823
779,-1.6246387958526611
780,-1.6287872791290283
781,-1.6272485256195068
782,-1.6332889795303345
783,-1.631147861480713
784,-1.6323174238204956
785,-1.63671875
786,-1.6399168968200684
787,-1.6363152265548706
788,-1.639533281326294
789,-1.6388802528381348
790,-1.6285743713378906
791,-1.6358845233917236
792,-1.634810209274292
793,-1.6396530866622925
794,-1.648658037185669
795,-1.6362055540084839
796,-1.6334125995635986
797,-1.631833791732788
798,-1.6272624731063843
799,-1.6344155073165894
800,-1.629815697669983
801,-1.6292905807495117
802,-1.6336584091186523
803,-1.6285877227783203
804,-1.6283406019210815
805,-1.6367664337158203
806,-1.6265995502471924
807,-1.6232703924179077
808,-1.631311058998108
809,-1.6249793767929077
810,-1.6339012384414673
811,-1.6299833059310913
812,-1.6321322917938232
813,-1.6273925304412842
814,-1.6312839984893799
815,-1.6396101713180542
816,-1.6375222206115723
817,-1.6310306787490845
818,-1.6350113153457642
819,-1.6385912895202637
820,-1.6363956928253174
821,-1.6310192346572876
822,-1.6280152797698975
823,-1.6358845233917236
824,-1.6341283321380615
825,-1.6315398216247559
826,-1.6323490142822266
827,-1.630409836769104
828,-1.629338026046753
829,-1.6294766664505005
830,-1.6298023462295532
831,-1.6327952146530151
832,-1.6317065954208374
833,-1.630135416984558
834,-1.627841591835022
835,-1.6308530569076538
836,-1.6319788694381714
837,-1.6331653594970703
838,-1.6301110982894897
839,-1.637678861618042
840,-1.630556344985962
841,-1.6308355331420898
842,-1.6322747468948364
843,-1.6309692859649658
844,-1.6339566707611084
845,-1.6329740285873413
846,-1.6369662284851074
847,-1.6359068155288696
848,-1.6414079666137695
849,-1.6378430128097534
850,-1.633845567703247
851,-1.6370004415512085
852,-1.6370326280593872
853,-1.6313101053237915
854,-1.631788730621338
855,-1.6381372213363647
856,-1.6343746185302734
857,-1.6352216005325317
858,-1.6402899026870728
859,-1.6334693431854248
860,-1.6327885389328003
861,-1.6319661140441895
862,-1.6312803030014038
863,-1.6348775625228882
864,-1.6335095167160034
865,-1.6345611810684204
866,-1.6373754739761353
867,-1.6314959526062012
868,-1.6372966766357422
869,-1.6316670179367065
870,-1.6316360235214233
871,-1.6366097927093506
872,-1.634098768234253
873,-1.6363651752471924
874,-1.6330819129943848
875,-1.6274279356002808
876,-1.6285767555236816
877,-1.634016513824463
878,-1.6298644542694092
879,-1.6307073831558228
880,-1.6333974599838257
881,-1.629188060760498
882,-1.6322134733200073
883,-1.6407157182693481
884,-1.6313780546188354
885,-1.6287239789962769
886,-1.6348787546157837
887,-1.6347955465316772
888,-1.631961464881897
889,-1.6355262994766235
890,-1.6294221878051758
891,-1.6282083988189697
892,-1.6270172595977783
893,-1.6269028186798096
894,-1.629265546798706
895,-1.6292150020599365
896,-1.6302250623703003
897,-1.631522536277771
898,-1.6314693689346313
899,-1.63223397731781
900,-1.6317447423934937
901,-1.6267281770706177
902,-1.6288464069366455
903,-1.6331937313079834
904,-1.6315784454345703
905,-1.6290757656097412
906,-1.6292073726654053
907,-1.6310174465179443
908,-1.6280077695846558
909,-1.6306908130645752
910,-1.6294101476669312
911,-1.6316133737564087
912,-1.6330217123031616
913,-1.6342321634292603
914,-1.6333298683166504
915,-1.6317352056503296
916,-1.629586935043335
917,-1.6294472217559814
918,-1.6320366859436035
919,-1.6288139820098877
920,-1.6330878734588623
921,-1.6314188241958618
922,-1.630843162536621
923,-1.6352428197860718
924,-1.6265509128570557
925,-1.632021427154541
926,-1.6286649703979492
927,-1.6308505535125732
928,-1.6336638927459717
929,-1.630536437034607
930,-1.6326994895935059
931,-1.632224678993225
932,-1.6295031309127808
933,-1.6347826719284058
934,-1.6309024095535278
935,-1.6332486867904663
936,-1.6285996437072754
937,-1.6334761381149292
938,-1.633131742477417
939,-1.6333647966384888
940,-1.63364839553833
941,-1.633524775505066
942,-1.6352957487106323
943,-1.6353793144226074
944,-1.6345808506011963
945,-1.6327890157699585
946,-1.6317108869552612
947,-1.6351327896118164
948,-1.6315197944641113
949,-1.6321266889572144
950,-1.6339298486709595
951,-1.636252999305725
952,-1.6356974840164185
953,-1.6355193853378296
954,-1.6342030763626099
955,-1.633491039276123
956,-1.6330918073654175
957,-1.632139801979065
958,-1.6323847770690918
959,-1.63153076171875
960,-1.6334348917007446
961,-1.6337676048278809
962,-1.6309257745742798
963,-1.6338036060333252
964,-1.6335645914077759
965,-1.6338034868240356
966,-1.6368458271026611
967,-1.6334784030914307
968,-1.6397978067398071
969,-1.637452244758606
970,-1.6344367265701294
971,-1.62960684299469
972,-1.632969617843628
973,-1.633856177330017
974,-1.632715106010437
975,-1.6326031684875488
976,-1.6338882446289062
977,-1.6372253894805908
978,-1.6370840072631836
979,-1.643234372138977
980,-1.6385654211044312
981,-1.629691243171692
982,-1.6358760595321655
983,-1.632320761680603
984,-1.6283183097839355
985,-1.6337106227874756
986,-1.6279382705688477
987,-1.6262506246566772
988,-1.6307628154754639
989,-1.6272920370101929
990,-1.6306277513504028
991,-1.6309797763824463
992,-1.6307103633880615
993,-1.6375572681427002
994,-1.633642315864563
995,-1.6286556720733643
996,-1.6266602277755737
997,-1.626676321029663
998,-1.6290494203567505
999,-1.6323754787445068
1000,-1.6309152841567993
1001,-1.6272013187408447
1002,-1.632775902748108
1003,-1.6372504234313965
1004,-1.6371142864227295
1005,-1.6354900598526
1006,-1.6347391605377197
1007,-1.6343410015106201
1008,-1.6378732919692993
1009,-1.6376861333847046
1010,-1.637683391571045
1011,-1.6354783773422241
1012,-1.6307053565979004
1013,-1.6308436393737793
1014,-1.6373220682144165
1015,-1.6288245916366577
1016,-1.6288429498672485
1017,-1.6286779642105103
1018,-1.6367684602737427
1019,-1.6342368125915527
1020,-1.635129690170288
1021,-1.633215308189392
1022,-1.6348819732666016
1023,-1.6328932046890259
1024,-1.6365820169448853
1025,-1.6365269422531128
1026,-1.6359450817108154
1027,-1.6333847045898438
1028,-1.636258602142334
1029,-1.6382445096969604
1030,-1.6259124279022217
1031,-1.6396018266677856
1032,-1.6305042505264282
1033,-1.6268635988235474
1034,-1.6433491706848145
1035,-1.6404587030410767
1036,-1.636113166809082
1037,-1.633144736289978
1038,-1.635923981666565
1039,-1.6379494667053223
1040,-1.6341016292572021
1041,-1.6308962106704712
1042,-1.6386147737503052
1043,-1.6437327861785889
1044,-1.6381067037582397
1045,-1.6270809173583984
1046,-1.63856840133667
1047,-1.6396663188934326
1048,-1.634652853012085
1049,-1.6327821016311646
1050,-1.6376903057098389
1051,-1.6386666297912598
1052,-1.631773829460144
1053,-1.6342631578445435
1054,-1.6351453065872192
1055,-1.6332077980041504
1056,-1.636353611946106
1057,-1.641054391860962
1058,-1.6334078311920166
1059,-1.6310852766036987
1060,-1.6265066862106323
1061,-1.626889705657959
1062,-1.6261875629425049
1063,-1.6346359252929688
1064,-1.6380828619003296
1065,-1.630704402923584
1066,-1.6286855936050415
1067,-1.6257950067520142
1068,-1.6255908012390137
1069,-1.6305994987487793
1070,-1.6311581134796143
1071,-1.6321806907653809
1072,-1.6318070888519287
1073,-1.6334298849105835
1074,-1.6306874752044678
1075,-1.6337653398513794
1076,-1.633238673210144
1077,-1.6329808235168457
1078,-1.6332725286483765
1079,-1.6323199272155762
1080,-1.6328078508377075
1081,-1.6328874826431274
1082,-1.6322040557861328
1083,-1.632227897644043
1084,-1.6323658227920532
1085,-1.6319178342819214
1086,-1.6325327157974243
1087,-1.6323044300079346
1088,-1.6337878704071045
1089,-1.634249210357666
1090,-1.6352170705795288
1091,-1.6369346380233765
1092,-1.6354697942733765
1093,-1.6355314254760742
1094,-1.634790301322937
1095,-1.633815884590149
1096,-1.6337860822677612
1097,-1.6331496238708496
1098,-1.6321654319763184
1099,-1.6324450969696045
1100,-1.6370617151260376
1101,-1.6414353847503662
1102,-1.6361939907073975
1103,-1.6351138353347778
1104,-1.637058973312378
1105,-1.637392520904541
1106,-1.6349153518676758
1107,-1.6328624486923218
1108,-1.6318178176879883
1109,-1.6322275400161743
1110,-1.6315709352493286
1111,-1.6340909004211426
1112,-1.635140299797058
1113,-1.6422429084777832
1114,-1.6358177661895752
1115,-1.6364177465438843
1116,-1.6329305171966553
1117,-1.633733868598938
1118,-1.6323579549789429
1119,-1.631388545036316
1120,-1.6293376684188843
1121,-1.6342920064926147
1122,-1.6277697086334229
1123,-1.6278232336044312
1124,-1.62869131565094
1125,-1.632165551185608
1126,-1.6335525512695312
1127,-1.633435845375061
1128,-1.63344144821167
1129,-1.6330571174621582
1130,-1.630308747291565
1131,-1.6316159963607788
1132,-1.6329604387283325
1133,-1.6326497793197632
1134,-1.632773518562317
1135,-1.6318858861923218
1136,-1.6313560009002686
1137,-1.6316171884536743
1138,-1.6311596632003784
1139,-1.6314644813537598
1140,-1.6304516792297363
1141,-1.6295377016067505
1142,-1.6329327821731567
1143,-1.6324189901351929
1144,-1.6301686763763428
1145,-1.6311061382293701
1146,-1.6297589540481567
1147,-1.6352289915084839
1148,-1.631322979927063
1149,-1.630636215209961
1150,-1.6304961442947388
1151,-1.6297887563705444
1152,-1.6282660961151123
1153,-1.62581205368042
1154,-1.6281658411026
1155,-1.6296242475509644
1156,-1.6361719369888306
1157,-1.6386990547180176
1158,-1.632543921470642
1159,-1.6320719718933105
1160,-1.632089614868164
1161,-1.6334435939788818
1162,-1.6310535669326782
1163,-1.6351666450500488
1164,-1.6327728033065796
1165,-1.6319057941436768
1166,-1.6337077617645264
1167,-1.6378973722457886
1168,-1.6368129253387451
1169,-1.6344921588897705
1170,-1.6337898969650269
1171,-1.6319701671600342
1172,-1.6332905292510986
1173,-1.634481430053711
1174,-1.6332932710647583
1175,-1.6329149007797241
1176,-1.634420394897461
1177,-1.6338759660720825
1178,-1.6331923007965088
1179,-1.6330327987670898
1180,-1.6330925226211548
1181,-1.6340748071670532
1182,-1.6353063583374023
1183,-1.6303458213806152
1184,-1.6323832273483276
1185,-1.6315770149230957
1186,-1.63210129737854
1187,-1.6306837797164917
1188,-1.634116291999817
1189,-1.6264022588729858
1190,-1.6326509714126587
1191,-1.6359515190124512
1192,-1.6316916942596436
1193,-1.6340069770812988
1194,-1.6264361143112183
1195,-1.6321521997451782
1196,-1.630479097366333
1197,-1.632086157798767
1198,-1.631145715713501
1199,-1.6323336362838745
1200,-1.6354578733444214
1201,-1.6335357427597046
1202,-1.632930040359497
1203,-1.6363792419433594
1204,-1.6320191621780396
1205,-1.629868507385254
1206,-1.6351318359375
1207,-1.6365495920181274
1208,-1.6357799768447876
1209,-1.63158118724823
1210,-1.6345888376235962
1211,-1.6279149055480957
1212,-1.6344603300094604
1213,-1.6347554922103882
1214,-1.6349618434906006
1215,-1.6325234174728394
1216,-1.6319321393966675
1217,-1.6329636573791504
1218,-1.632059097290039
1219,-1.6377559900283813
1220,-1.63418710231781
1221,-1.630120038986206
1222,-1.6363754272460938
1223,-1.634443759918213
1224,-1.6329313516616821
1225,-1.634373664855957
1226,-1.6284914016723633
1227,-1.6293057203292847
1228,-1.6313414573669434
1229,-1.6313471794128418
1230,-1.6319538354873657
1231,-1.6314152479171753
1232,-1.6309226751327515
1233,-1.6326053142547607
1234,-1.629370927810669
1235,-1.6335188150405884
1236,-1.6337573528289795
1237,-1.636567234992981
1238,-1.6335753202438354
1239,-1.631119966506958
1240,-1.6328333616256714
1241,-1.6342730522155762
1242,-1.6283738613128662
1243,-1.635703206062317
1244,-1.6296151876449585
1245,-1.631795048713684
1246,-1.6379015445709229
1247,-1.6288902759552002
1248,-1.6339375972747803
1249,-1.6333903074264526
1250,-1.6278786659240723
1251,-1.6315523386001587
1252,-1.629815697669983
1253,-1.630379319190979
1254,-1.6274480819702148
1255,-1.6321378946304321
1256,-1.6305797100067139
1257,-1.6317367553710938
1258,-1.6296950578689575
1259,-1.6275391578674316
1260,-1.632433533668518
1261,-1.6374187469482422
1262,-1.6305220127105713
1263,-1.6288882493972778
1264,-1.626101016998291
1265,-1.633620023727417
1266,-1.6334840059280396
1267,-1.6349810361862183
1268,-1.6334255933761597
1269,-1.630028486251831
1270,-1.6294420957565308
1271,-1.6311289072036743
1272,-1.6287370920181274
1273,-1.6282111406326294
1274,-1.630696415901184
1275,-1.6366318464279175
1276,-1.6330757141113281
1277,-1.6296868324279785
1278,-1.632739782333374
1279,-1.6342792510986328
1280,-1.624307632446289
1281,-1.6299926042556763
1282,-1.630405068397522
1283,-1.6320130825042725
1284,-1.6304339170455933
1285,-1.631259560585022
1286,-1.6318143606185913
1287,-1.6316543817520142
1288,-1.6353003978729248
1289,-1.6278512477874756
1290,-1.631032109260559
1291,-1.6340628862380981
1292,-1.6406301259994507
1293,-1.6329824924468994
1294,-1.6295957565307617
1295,-1.6288480758666992
1296,-1.6345669031143188
1297,-1.6317555904388428
1298,-1.6306809186935425
1299,-1.6282151937484741
1300,-1.6310882568359375
1301,-1.6326680183410645
1302,-1.635730504989624
1303,-1.625852108001709
1304,-1.6289758682250977
1305,-1.6313532590866089
1306,-1.6322576999664307
1307,-1.6334772109985352
1308,-1.630031704902649
1309,-1.6281546354293823
1310,-1.6317731142044067
1311,-1.6324188709259033
1312,-1.630619764328003
1313,-1.6299071311950684
1314,-1.629528522491455
1315,-1.6302263736724854
1316,-1.6311099529266357
1317,-1.6297580003738403
1318,-1.6333388090133667
1319,-1.63008451461792
1320,-1.6299450397491455
1321,-1.6330106258392334
1322,-1.634986162185669
1323,-1.6339881420135498
1324,-1.6399555206298828
1325,-1.6316462755203247
1326,-1.6284672021865845
1327,-1.635013461112976
1328,-1.6268495321273804
1329,-1.6314520835876465
1330,-1.6295204162597656
1331,-1.6266437768936157
1332,-1.6295913457870483
1333,-1.628499150276184
1334,-1.627480387687683
1335,-1.6271545886993408
1336,-1.6386566162109375
1337,-1.6259361505508423
1338,-1.63144850730896
1339,-1.6378173828125
1340,-1.6305296421051025
1341,-1.625920295715332
1342,-1.6314831972122192
1343,-1.629252314567566
1344,-1.6332812309265137
1345,-1.6366101503372192
1346,-1.6324645280838013
1347,-1.6313188076019287
1348,-1.6322839260101318
1349,-1.6311663389205933
1350,-1.636136770248413
1351,-1.6356393098831177
1352,-1.632464051246643
1353,-1.63332200050354
1354,-1.632093906402588
1355,-1.6311872005462646
1356,-1.6308895349502563
1357,-1.6297301054000854
1358,-1.6351118087768555
1359,-1.6276637315750122
1360,-1.6339846849441528
1361,-1.627634882926941
1362,-1.6374926567077637
1363,-1.6337146759033203
1364,-1.6291708946228027
1365,-1.63236403465271
1366,-1.6339094638824463
1367,-1.6340367794036865
1368,-1.6331778764724731
1369,-1.6328530311584473
1370,-1.6335511207580566
1371,-1.6322736740112305
1372,-1.6286853551864624
1373,-1.632516622543335
1374,-1.6302151679992676
1375,-1.6319252252578735
1376,-1.6292005777359009
1377,-1.6358506679534912
1378,-1.63593590259552
1379,-1.636819839477539
1380,-1.6338350772857666
1381,-1.6362004280090332
1382,-1.634906530380249
1383,-1.6349071264266968
1384,-1.628675937652588
1385,-1.6344712972640991
1386,-1.6352548599243164
1387,-1.6344705820083618
1388,-1.6322722434997559
1389,-1.6332011222839355
1390,-1.6334699392318726
1391,-1.6327024698257446
1392,-1.6363857984542847
1393,-1.6382945775985718
1394,-1.6391162872314453
1395,-1.6267238855361938
1396,-1.635404348373413
1397,-1.6354634761810303
1398,-1.6343919038772583
1399,-1.6355215311050415
1400,-1.637375831604004
1401,-1.6304868459701538
1402,-1.6365631818771362
1403,-1.63565194606781
1404,-1.6352442502975464
1405,-1.6313356161117554
1406,-1.629472017288208
1407,-1.6290313005447388
1408,-1.636420488357544
1409,-1.6326518058776855
1410,-1.6297032833099365
1411,-1.6307002305984497
1412,-1.626771092414856
1413,-1.6308887004852295
1414,-1.628976821899414
1415,-1.630960464477539
1416,-1.6272168159484863
1417,-1.6361533403396606
1418,-1.6361831426620483
1419,-1.6278823614120483
1420,-1.628511905670166
1421,-1.6277587413787842
1422,-1.6427305936813354
1423,-1.6272574663162231
1424,-1.6392428874969482
1425,-1.634934663772583
1426,-1.6378099918365479
1427,-1.6303269863128662
1428,-1.6331416368484497
1429,-1.6281988620758057
1430,-1.6317880153656006
1431,-1.6280620098114014
1432,-1.6345452070236206
1433,-1.6292085647583008
1434,-1.6336592435836792
1435,-1.6353658437728882
1436,-1.6337344646453857
1437,-1.6287380456924438
1438,-1.6325750350952148
1439,-1.6341955661773682
1440,-1.6350512504577637
1441,-1.6364837884902954
1442,-1.6366019248962402
1443,-1.6391816139221191
1444,-1.6363812685012817
1445,-1.6363664865493774
1446,-1.6318395137786865
1447,-1.631681203842163
1448,-1.6288515329360962
1449,-1.6308419704437256
1450,-1.6379718780517578
1451,-1.631155252456665
1452,-1.6309237480163574
1453,-1.631488561630249
1454,-1.631923794746399
1455,-1.6353493928909302
1456,-1.6357654333114624
1457,-1.6364704370498657
1458,-1.6343224048614502
1459,-1.636634349822998
1460,-1.6325665712356567
1461,-1.6325087547302246
1462,-1.6366103887557983
1463,-1.6340581178665161
1464,-1.6353223323822021
1465,-1.6341944932937622
1466,-1.6326171159744263
1467,-1.632292628288269
1468,-1.634381651878357
1469,-1.6341381072998047
1470,-1.6319941282272339
1471,-1.631829023361206
1472,-1.637204647064209
1473,-1.631668210029602
1474,-1.6319485902786255
1475,-1.6317121982574463
1476,-1.6305066347122192
1477,-1.6290544271469116
1478,-1.6278318166732788
1479,-1.6287270784378052
1480,-1.6307241916656494
1481,-1.6327987909317017
1482,-1.630798101425171
1483,-1.6351127624511719
1484,-1.630761742591858
1485,-1.6288121938705444
1486,-1.6268223524093628
1487,-1.6269047260284424
1488,-1.6261022090911865
1489,-1.6312739849090576
1490,-1.6323763132095337
1491,-1.6275451183319092
1492,-1.6284055709838867
1493,-1.6299842596054077
1494,-1.6336485147476196
1495,-1.6289341449737549
1496,-1.6281489133834839
1497,-1.6299209594726562
1498,-1.6330198049545288
1499,-1.6297982931137085
1500,-1.624987244606018
1501,-1.628058671951294
1502,-1.6294318437576294
1503,-1.636795163154602
1504,-1.6246055364608765
1505,-1.6352646350860596
1506,-1.6311415433883667
1507,-1.6345317363739014
1508,-1.633436679840088
1509,-1.6316683292388916
1510,-1.628619909286499
1511,-1.6285909414291382
1512,-1.6272377967834473
1513,-1.6288151741027832
1514,-1.6313414573669434
1515,-1.63446843624115
1516,-1.6305863857269287
1517,-1.6258829832077026
1518,-1.6312371492385864
1519,-1.6279476881027222
1520,-1.627625584602356
1521,-1.6329933404922485
1522,-1.6352399587631226
1523,-1.6334315538406372
1524,-1.630055546760559
1525,-1.629896879196167
1526,-1.6332874298095703
1527,-1.630322813987732
1528,-1.6319299936294556
1529,-1.6353275775909424
1530,-1.6292890310287476
1531,-1.6306471824645996
1532,-1.629327654838562
1533,-1.6299147605895996
1534,-1.6318254470825195
1535,-1.6315970420837402
1536,-1.6321451663970947
1537,-1.6341071128845215
1538,-1.6328859329223633
1539,-1.630630373954773
1540,-1.6288098096847534
1541,-1.629874587059021
1542,-1.6294810771942139
1543,-1.630194902420044
1544,-1.6308995485305786
1545,-1.6301424503326416
1546,-1.6298969984054565
1547,-1.6303787231445312
1548,-1.6353994607925415
1549,-1.6312222480773926
1550,-1.6307742595672607
1551,-1.6328940391540527
1552,-1.6341532468795776
1553,-1.6309568881988525
1554,-1.6361894607543945
1555,-1.6358895301818848
1556,-1.6351630687713623
1557,-1.6346334218978882
1558,-1.6316052675247192
1559,-1.6324033737182617
1560,-1.6324784755706787
1561,-1.631620168685913
1562,-1.6326218843460083
1563,-1.6316015720367432
1564,-1.6302820444107056
1565,-1.630001425743103
1566,-1.6300170421600342
1567,-1.6300084590911865
1568,-1.6306829452514648
1569,-1.6318453550338745
1570,-1.6347986459732056
1571,-1.6322112083435059
1572,-1.6342945098876953
1573,-1.6311200857162476
1574,-1.628779411315918
1575,-1.6300883293151855
1576,-1.6318559646606445
1577,-1.632645606994629
1578,-1.6327852010726929
1579,-1.6320713758468628
1580,-1.6328526735305786
1581,-1.6351619958877563
1582,-1.629157543182373
1583,-1.6325671672821045
1584,-1.6312917470932007
1585,-1.6317836046218872
1586,-1.6322991847991943
1587,-1.631412386894226
1588,-1.6306880712509155
1589,-1.6310399770736694
1590,-1.6316893100738525
1591,-1.6318668127059937
1592,-1.633564829826355
1593,-1.6311546564102173
1594,-1.6309590339660645
1595,-1.6314184665679932
1596,-1.6321368217468262
1597,-1.633095145225525
1598,-1.6314388513565063
1599,-1.6311283111572266
1600,-1.6311678886413574
1601,-1.6310096979141235
1602,-1.6316696405410767
1603,-1.6339982748031616
1604,-1.6354933977127075
1605,-1.631605863571167
1606,-1.629899501800537
1607,-1.6316022872924805
1608,-1.6319060325622559
1609,-1.6325602531433105
1610,-1.632187008857727
1611,-1.6313916444778442
1612,-1.6332134008407593
1613,-1.6302865743637085
1614,-1.6313371658325195
1615,-1.6338917016983032
1616,-1.6292489767074585
1617,-1.6314939260482788
1618,-1.6351007223129272
1619,-1.6321874856948853
1620,-1.6306368112564087
1621,-1.631744623184204
1622,-1.631117820739746
1623,-1.6309151649475098
1624,-1.6324084997177124
1625,-1.6289780139923096
1626,-1.6312286853790283
1627,-1.6328825950622559
1628,-1.6340172290802002
1629,-1.632285237312317
1630,-1.6334686279296875
1631,-1.631896734237671
1632,-1.6330114603042603
1633,-1.6329371929168701
1634,-1.6332125663757324
1635,-1.6337847709655762
1636,-1.633902668952942
1637,-1.6331603527069092
1638,-1.6338850259780884
1639,-1.633751630783081
1640,-1.6314947605133057
1641,-1.633241057395935
1642,-1.6368268728256226
1643,-1.6315009593963623
1644,-1.6340789794921875
1645,-1.6322981119155884
1646,-1.6315022706985474
1647,-1.631982684135437
1648,-1.6300419569015503
1649,-1.6277762651443481
1650,-1.6283189058303833
1651,-1.6326817274093628
1652,-1.6385513544082642
1653,-1.6291440725326538
1654,-1.63008451461792
1655,-1.6364039182662964
1656,-1.6309829950332642
1657,-1.630098819732666
1658,-1.6329851150512695
1659,-1.6285945177078247
1660,-1.6321487426757812
1661,-1.6306909322738647
1662,-1.6274713277816772
1663,-1.6284867525100708
1664,-1.6313358545303345
1665,-1.6296666860580444
1666,-1.6364458799362183
1667,-1.6300344467163086
1668,-1.6366064548492432
1669,-1.6336548328399658
1670,-1.6348845958709717
1671,-1.6338011026382446
1672,-1.6298288106918335
1673,-1.62814199924469
1674,-1.6285192966461182
1675,-1.636812686920166
1676,-1.6304384469985962
1677,-1.6319913864135742
1678,-1.631101131439209
1679,-1.6386438608169556
1680,-1.6339510679244995
1681,-1.6376981735229492
1682,-1.6374439001083374
1683,-1.633947491645813
1684,-1.631204605102539
1685,-1.6336596012115479
1686,-1.6342843770980835
1687,-1.635130763053894
1688,-1.6306512355804443
1689,-1.6340595483779907
1690,-1.630926251411438
1691,-1.630355954170227
1692,-1.6293455362319946
1693,-1.6327552795410156
1694,-1.6349260807037354
1695,-1.631727933883667
1696,-1.6296813488006592
1697,-1.630386471748352
1698,-1.6278432607650757
1699,-1.6278173923492432
1700,-1.6278700828552246
1701,-1.6330633163452148
1702,-1.6348146200180054
1703,-1.6253018379211426
1704,-1.6319899559020996
1705,-1.6257489919662476
1706,-1.6262404918670654
1707,-1.6291635036468506
1708,-1.6289739608764648
1709,-1.6327215433120728
1710,-1.6330947875976562
1711,-1.6355427503585815
1712,-1.6346222162246704
1713,-1.6369903087615967
1714,-1.6340641975402832
1715,-1.6331665515899658
1716,-1.6325880289077759
1717,-1.6313145160675049
1718,-1.6312869787216187
1719,-1.6295454502105713
1720,-1.6311222314834595
1721,-1.632749080657959
1722,-1.6337121725082397
1723,-1.6324628591537476
1724,-1.633894443511963
1725,-1.6365716457366943
1726,-1.6347594261169434
1727,-1.6324690580368042
1728,-1.632120132446289
1729,-1.631325125694275
1730,-1.630368947982788
1731,-1.6336036920547485
1732,-1.631600260734558
1733,-1.6371649503707886
1734,-1.63454008102417
1735,-1.6309319734573364
1736,-1.6341164112091064
1737,-1.6392914056777954
1738,-1.6385498046875
1739,-1.6361751556396484
1740,-1.6346551179885864
1741,-1.634763240814209
1742,-1.6368443965911865
1743,-1.6345670223236084
1744,-1.635400652885437
1745,-1.627530813217163
1746,-1.633081078529358
1747,-1.635870099067688
1748,-1.62913978099823
1749,-1.6298668384552002
1750,-1.6324275732040405
1751,-1.6298010349273682
1752,-1.63022780418396
1753,-1.6352758407592773
1754,-1.634926199913025
1755,-1.6315710544586182
1756,-1.6300231218338013
1757,-1.6323049068450928
1758,-1.6337010860443115
1759,-1.6296228170394897
1760,-1.6301400661468506
1761,-1.6282440423965454
1762,-1.6309850215911865
1763,-1.6362829208374023
1764,-1.6386163234710693
1765,-1.6345489025115967
1766,-1.6321985721588135
1767,-1.6378055810928345
1768,-1.6322286128997803
1769,-1.6383275985717773
1770,-1.6423823833465576
1771,-1.6413267850875854
1772,-1.640547275543213
1773,-1.6301723718643188
1774,-1.630937933921814
1775,-1.6296385526657104
1776,-1.631164312362671
1777,-1.6288779973983765
1778,-1.6272571086883545
1779,-1.6317099332809448
1780,-1.6269463300704956
1781,-1.6275174617767334
1782,-1.6279995441436768
1783,-1.6344417333602905
1784,-1.6353328227996826
1785,-1.6336370706558228
1786,-1.6316674947738647
1787,-1.6318031549453735
1788,-1.631419062614441
1789,-1.6323838233947754
1790,-1.6354535818099976
1791,-1.6320817470550537
1792,-1.6296665668487549
1793,-1.630255937576294
1794,-1.6294368505477905
1795,-1.6294385194778442
1796,-1.6320286989212036
1797,-1.6292741298675537
1798,-1.6287122964859009
1799,-1.6263729333877563
1800,-1.6302406787872314
1801,-1.6325626373291016
1802,-1.6358197927474976
1803,-1.635166883468628
1804,-1.6383618116378784
1805,-1.6277925968170166
1806,-1.6274242401123047
1807,-1.6248496770858765
1808,-1.6388826370239258
1809,-1.6382884979248047
1810,-1.6415727138519287
1811,-1.6369750499725342
1812,-1.6361515522003174
1813,-1.6330775022506714
1814,-1.6353161334991455
1815,-1.6374354362487793
1816,-1.6397454738616943
1817,-1.6386281251907349
1818,-1.6358017921447754
1819,-1.6368350982666016
1820,-1.6427189111709595
1821,-1.6437450647354126
1822,-1.641379714012146
1823,-1.6320866346359253
1824,-1.6413496732711792
1825,-1.6372547149658203
1826,-1.637078046798706
1827,-1.63235342502594
1828,-1.6332435607910156
1829,-1.6318708658218384
1830,-1.6342966556549072
1831,-1.6343603134155273
1832,-1.6294927597045898
1833,-1.630828857421875
1834,-1.6308783292770386
1835,-1.634556770324707
1836,-1.6320242881774902
1837,-1.6357169151306152
1838,-1.637441873550415
1839,-1.6340405941009521
1840,-1.6347891092300415
1841,-1.6349517107009888
1842,-1.6355060338974
1843,-1.633907675743103
1844,-1.6368759870529175
1845,-1.6308962106704712
1846,-1.6370234489440918
1847,-1.6304800510406494
1848,-1.630505919456482
1849,-1.6301764249801636
1850,-1.6291483640670776
1851,-1.6317853927612305
1852,-1.6306360960006714
1853,-1.6311856508255005
1854,-1.6312735080718994
1855,-1.6314951181411743
1856,-1.6365646123886108
1857,-1.632380485534668
1858,-1.628777265548706
1859,-1.6299443244934082
1860,-1.6296157836914062
1861,-1.628255844116211
1862,-1.630355715751648
1863,-1.6302213668823242
1864,-1.6350456476211548
1865,-1.6291805505752563
1866,-1.6335012912750244
1867,-1.6341328620910645
1868,-1.6296464204788208
1869,-1.6309689283370972
1870,-1.6302869319915771
1871,-1.6342867612838745
1872,-1.6336562633514404
1873,-1.6294001340866089
1874,-1.632163643836975
1875,-1.6332165002822876
1876,-1.6328163146972656
1877,-1.630504846572876
1878,-1.6292846202850342
1879,-1.632822036743164
1880,-1.6331313848495483
1881,-1.6309969425201416
1882,-1.6333826780319214
1883,-1.6336487531661987
1884,-1.627526879310608
1885,-1.6303921937942505
1886,-1.628480076789856
1887,-1.637521505355835
1888,-1.6292506456375122
1889,-1.6338666677474976
1890,-1.6296108961105347
1891,-1.6306089162826538
1892,-1.6296478509902954
1893,-1.6306781768798828
1894,-1.6321086883544922
1895,-1.630479335784912
1896,-1.632075548171997
1897,-1.6361021995544434
1898,-1.6326656341552734
1899,-1.6296747922897339
1900,-1.6312447786331177
1901,-1.6314759254455566
1902,-1.630267858505249
1903,-1.6304643154144287
1904,-1.6295210123062134
1905,-1.6304347515106201
1906,-1.6292355060577393
1907,-1.6327450275421143
1908,-1.6291391849517822
1909,-1.6322762966156006
1910,-1.63023042678833
1911,-1.631502628326416
1912,-1.6345239877700806
1913,-1.6295444965362549
1914,-1.6347545385360718
1915,-1.6293349266052246
1916,-1.6293171644210815
1917,-1.6307251453399658
1918,-1.6310529708862305
1919,-1.636020302772522
1920,-1.6375703811645508
1921,-1.6347709894180298
1922,-1.637220859527588
1923,-1.6327779293060303
1924,-1.633579134941101
1925,-1.6341736316680908
1926,-1.6353193521499634
1927,-1.6309428215026855
1928,-1.631819725036621
1929,-1.6301132440567017
1930,-1.6320276260375977
1931,-1.6321032047271729
1932,-1.6322627067565918
1933,-1.6288096904754639
1934,-1.6338828802108765
1935,-1.6365000009536743
1936,-1.636056661605835
1937,-1.6380376815795898
1938,-1.634254813194275
1939,-1.6316062211990356
1940,-1.6345137357711792
1941,-1.6351637840270996
1942,-1.6325794458389282
1943,-1.63600754737854
1944,-1.6304010152816772
1945,-1.631999135017395
1946,-1.6291769742965698
1947,-1.63053560256958
1948,-1.6288608312606812
1949,-1.631993293762207
1950,-1.6314877271652222
1951,-1.6322250366210938
1952,-1.6328771114349365
1953,-1.635332465171814
1954,-1.6349817514419556
1955,-1.6338738203048706
1956,-1.6313077211380005
1957,-1.6295650005340576
1958,-1.6331920623779297
1959,-1.6319966316223145
1960,-1.6320137977600098
1961,-1.6309341192245483
1962,-1.6315656900405884
1963,-1.634690761566162
1964,-1.6344784498214722
1965,-1.6341296434402466
1966,-1.6344289779663086
1967,-1.6342735290527344
1968,-1.6358067989349365
1969,-1.6356253623962402
1970,-1.6319878101348877
1971,-1.631710171699524
1972,-1.6335539817810059
1973,-1.633330225944519
1974,-1.6321861743927002
1975,-1.633013367652893
1976,-1.6330459117889404
1977,-1.6334117650985718
1978,-1.6333342790603638
1979,-1.6333509683609009
1980,-1.633209466934204
1981,-1.6333625316619873
1982,-1.6321204900741577
1983,-1.6361494064331055
1984,-1.633988618850708
1985,-1.631148338317871
1986,-1.6299482583999634
1987,-1.6335104703903198
1988,-1.6323912143707275
1989,-1.6349536180496216
1990,-1.6322202682495117
1991,-1.6329796314239502
1992,-1.6332815885543823
1993,-1.6335225105285645
1994,-1.6329612731933594
1995,-1.6332879066467285
1996,-1.6332851648330688
1997,-1.6321462392807007
1998,-1.6357344388961792
1999,-1.632182240486145
2000,-1.632295846939087
2001,-1.6327810287475586
2002,-1.6353665590286255
2003,-1.6348801851272583
2004,-1.6309212446212769
2005,-1.630957841873169
2006,-1.6304486989974976
2007,-1.6337405443191528
2008,-1.633677363395691
2009,-1.629455804824829
2010,-1.6326533555984497
2011,-1.6323920488357544
2012,-1.6296436786651611
2013,-1.6290687322616577
2014,-1.6331135034561157
2015,-1.6349735260009766
2016,-1.631732702255249
2017,-1.63370680809021
2018,-1.6320701837539673
2019,-1.6304832696914673
2020,-1.632042407989502
2021,-1.6301686763763428
2022,-1.631376028060913
2023,-1.6350436210632324
2024,-1.626971960067749
2025,-1.631855845451355
2026,-1.630494236946106
2027,-1.6288930177688599
2028,-1.6323503255844116
2029,-1.6333404779434204
2030,-1.6320836544036865
2031,-1.6292035579681396
2032,-1.6307929754257202
2033,-1.6306508779525757
2034,-1.6316276788711548
2035,-1.6337981224060059
2036,-1.6358168125152588
2037,-1.6326978206634521
2038,-1.6328544616699219
2039,-1.631001591682434
2040,-1.6355704069137573
2041,-1.630903720855713
2042,-1.6322239637374878
2043,-1.6346466541290283
2044,-1.6337016820907593
2045,-1.627350091934204
2046,-1.6336747407913208
2047,-1.6342445611953735
2048,-1.6353462934494019
2049,-1.6338368654251099
2050,-1.6333436965942383
2051,-1.6351349353790283
2052,-1.6343886852264404
2053,-1.633358359336853
2054,-1.6353899240493774
2055,-1.6377978324890137
2056,-1.6322638988494873
2057,-1.63218355178833
2058,-1.627953052520752
2059,-1.6340984106063843
2060,-1.6314126253128052
2061,-1.629419207572937
2062,-1.631097435951233
2063,-1.6342101097106934
2064,-1.6321463584899902
2065,-1.6303082704544067
2066,-1.6300179958343506
2067,-1.6301454305648804
2068,-1.634086012840271
2069,-1.6356645822525024
2070,-1.6337615251541138
2071,-1.6334645748138428
2072,-1.6288644075393677
2073,-1.6303743124008179
2074,-1.6327110528945923
2075,-1.6332370042800903
2076,-1.628650188446045
2077,-1.6320111751556396
2078,-1.6363155841827393
2079,-1.631752610206604
2080,-1.632521629333496
2081,-1.6330171823501587
2082,-1.6366466283798218
2083,-1.6342746019363403
2084,-1.6358773708343506
2085,-1.6286598443984985
2086,-1.6270991563796997
2087,-1.631242036819458
2088,-1.6352415084838867
2089,-1.632326364517212
2090,-1.6335948705673218
2091,-1.6275577545166016
2092,-1.631089210510254
2093,-1.6300725936889648
2094,-1.6346360445022583
2095,-1.6325113773345947
2096,-1.6341346502304077
2097,-1.6330037117004395
2098,-1.6258509159088135
2099,-1.6319472789764404
2100,-1.634405493736267
2101,-1.6339067220687866
2102,-1.6315652132034302
2103,-1.6322333812713623
2104,-1.6364597082138062
2105,-1.6302976608276367
2106,-1.6357816457748413
2107,-1.6360925436019897
2108,-1.634591817855835
2109,-1.6350462436676025
2110,-1.6316944360733032
2111,-1.6350215673446655
2112,-1.633405089378357
2113,-1.6298693418502808
2114,-1.6370177268981934
2115,-1.6336621046066284
2116,-1.6296014785766602
2117,-1.6331801414489746
2118,-1.628879427909851
2119,-1.6310739517211914
2120,-1.6400054693222046
2121,-1.6285215616226196
2122,-1.6324384212493896
2123,-1.6280955076217651
2124,-1.627958059310913
2125,-1.6326851844787598
2126,-1.6327003240585327
2127,-1.6302131414413452
2128,-1.6356275081634521
2129,-1.6351929903030396
2130,-1.6318557262420654
2131,-1.6325935125350952
2132,-1.635231375694275
2133,-1.6300767660140991
2134,-1.6348316669464111
2135,-1.6326954364776611
2136,-1.63735032081604
2137,-1.62938392162323
2138,-1.6336203813552856
2139,-1.6348127126693726
2140,-1.6259069442749023
2141,-1.6353892087936401
2142,-1.6324588060379028
2143,-1.6342729330062866
2144,-1.6339911222457886
2145,-1.6354471445083618
2146,-1.6334311962127686
2147,-1.6290568113327026
2148,-1.6329271793365479
2149,-1.6323907375335693
2150,-1.6361600160598755
2151,-1.6380349397659302
2152,-1.636218547821045
2153,-1.630124807357788
2154,-1.6317429542541504
2155,-1.6315171718597412
2156,-1.6329162120819092
2157,-1.625205397605896
2158,-1.6345000267028809
2159,-1.6309053897857666
2160,-1.6321896314620972
2161,-1.6345635652542114
2162,-1.6316016912460327
2163,-1.6333961486816406
2164,-1.6326031684875488
2165,-1.6326369047164917
2166,-1.6319234371185303
2167,-1.6297032833099365
2168,-1.6328785419464111
2169,-1.6326732635498047
2170,-1.6327139139175415
2171,-1.6334275007247925
2172,-1.6273460388183594
2173,-1.6344534158706665
2174,-1.6309146881103516
2175,-1.6339524984359741
2176,-1.6309146881103516
2177,-1.6260242462158203
2178,-1.6370179653167725
2179,-1.6275172233581543
2180,-1.6333619356155396
2181,-1.6361491680145264
2182,-1.635788917541504
2183,-1.6321966648101807
2184,-1.6332314014434814
2185,-1.630210518836975
2186,-1.6315940618515015
2187,-1.6329901218414307
2188,-1.6338335275650024
2189,-1.6339359283447266
2190,-1.6348276138305664
2191,-1.6364728212356567
2192,-1.6360398530960083
2193,-1.6355671882629395
2194,-1.6361546516418457
2195,-1.634749174118042
2196,-1.6354056596755981
2197,-1.6328392028808594
2198,-1.634002685546875
2199,-1.6350849866867065
2200,-1.635462760925293
2201,-1.6353152990341187
2202,-1.6351964473724365
2203,-1.6340289115905762
2204,-1.633641242980957
2205,-1.633926510810852
2206,-1.6302872896194458
2207,-1.63609778881073
2208,-1.635122537612915
2209,-1.6356874704360962
2210,-1.6359425783157349
2211,-1.635212779045105
2212,-1.635377049446106
2213,-1.6365851163864136
2214,-1.6321924924850464
2215,-1.6363295316696167
2216,-1.6356158256530762
2217,-1.633287787437439
2218,-1.629967212677002
2219,-1.6278854608535767
2220,-1.6282047033309937
2221,-1.6306639909744263
2222,-1.6360814571380615
2223,-1.6363295316696167
2224,-1.6369624137878418
2225,-1.6364526748657227
2226,-1.6344457864761353
2227,-1.636846661567688
2228,-1.6308091878890991
2229,-1.6353771686553955
2230,-1.634913682937622
2231,-1.6358782052993774
2232,-1.6335890293121338
2233,-1.6339161396026611
2234,-1.6343481540679932
2235,-1.6325085163116455
2236,-1.629928708076477
2237,-1.627317190170288
2238,-1.627026915550232
2239,-1.6266299486160278
2240,-1.6285158395767212
2241,-1.6336231231689453
2242,-1.6357073783874512
2243,-1.63540780544281
2244,-1.6359179019927979
2245,-1.6275060176849365
2246,-1.6333943605422974
2247,-1.6351039409637451
2248,-1.6359831094741821
2249,-1.6352595090866089
2250,-1.6351771354675293
2251,-1.632463812828064
2252,-1.6342521905899048
2253,-1.6356397867202759
2254,-1.6374311447143555
2255,-1.6349055767059326
2256,-1.6298986673355103
2257,-1.6312181949615479
2258,-1.6298855543136597
2259,-1.629244327545166
2260,-1.629894733428955
2261,-1.6289865970611572
2262,-1.6395527124404907
2263,-1.6296651363372803
2264,-1.6301047801971436
2265,-1.6297990083694458
2266,-1.630221962928772
2267,-1.6317342519760132
2268,-1.6324361562728882
2269,-1.6344189643859863
2270,-1.6340199708938599
2271,-1.631916880607605
2272,-1.6298073530197144
2273,-1.6341886520385742
2274,-1.6339075565338135
2275,-1.6329255104064941
2276,-1.630983829498291
2277,-1.6341116428375244
2278,-1.6343140602111816
2279,-1.6337798833847046
2280,-1.6301075220108032
2281,-1.6295459270477295
2282,-1.6273703575134277
2283,-1.63162362575531
2284,-1.6255297660827637
2285,-1.6262530088424683
2286,-1.6267657279968262
2287,-1.6287883520126343
2288,-1.6301721334457397
2289,-1.628994345664978
2290,-1.630055546760559
2291,-1.631441354751587
2292,-1.6318228244781494
2293,-1.6261497735977173
2294,-1.6292550563812256
2295,-1.628393530845642
2296,-1.6277281045913696
2297,-1.6282129287719727
2298,-1.6280401945114136
2299,-1.628923773765564
2300,-1.6289327144622803
2301,-1.629207730293274
2302,-1.6290385723114014
2303,-1.6288434267044067
2304,-1.6291022300720215
2305,-1.634238600730896
2306,-1.6287307739257812
2307,-1.6288973093032837
2308,-1.6292437314987183
2309,-1.6292940378189087
2310,-1.6273574829101562
2311,-1.6283832788467407
2312,-1.6291313171386719
2313,-1.6300350427627563
2314,-1.6274000406265259
2315,-1.6275670528411865
2316,-1.6352596282958984
2317,-1.6279499530792236
2318,-1.6278667449951172
2319,-1.6279908418655396
2320,-1.628718614578247
2321,-1.6286729574203491
2322,-1.627931833267212
2323,-1.6283345222473145
2324,-1.6291561126708984
2325,-1.6293145418167114
2326,-1.6294234991073608
2327,-1.6324936151504517
2328,-1.6296626329421997
2329,-1.628016710281372
2330,-1.627822756767273
2331,-1.6283258199691772
2332,-1.6268823146820068
2333,-1.6288368701934814
2334,-1.6267763376235962
2335,-1.6261249780654907
2336,-1.626922607421875
2337,-1.629343032836914
2338,-1.6260422468185425
2339,-1.6307636499404907
2340,-1.6282120943069458
2341,-1.628957986831665
2342,-1.6242719888687134
2343,-1.6285887956619263
2344,-1.627732276916504
2345,-1.6273380517959595
2346,-1.627103328704834
2347,-1.6299680471420288
2348,-1.626285433769226
2349,-1.6284481287002563
2350,-1.6295338869094849
2351,-1.6300550699234009
2352,-1.6275664567947388
2353,-1.6281033754348755
2354,-1.6307605504989624
2355,-1.6303702592849731
2356,-1.6270281076431274
2357,-1.6322717666625977
2358,-1.6331387758255005
2359,-1.6353282928466797
2360,-1.6287851333618164
2361,-1.6309123039245605
2362,-1.6308701038360596
2363,-1.6291530132293701
2364,-1.630245566368103
2365,-1.632515788078308
2366,-1.634482741355896
2367,-1.63254976272583
2368,-1.6356546878814697
2369,-1.6355724334716797
2370,-1.6352547407150269
2371,-1.6351962089538574
2372,-1.6323460340499878
2373,-1.6330050230026245
2374,-1.6312711238861084
2375,-1.6356215476989746
2376,-1.6346477270126343
2377,-1.6274232864379883
2378,-1.629214882850647
2379,-1.6310763359069824
2380,-1.633290410041809
2381,-1.630588412284851
2382,-1.6366127729415894
2383,-1.628304362297058
2384,-1.6271140575408936
2385,-1.6288889646530151
2386,-1.6289961338043213
2387,-1.6309813261032104
2388,-1.6314047574996948
2389,-1.631479024887085
2390,-1.6294196844100952
2391,-1.6321672201156616
2392,-1.6311991214752197
2393,-1.631374478340149
2394,-1.6322615146636963
2395,-1.6353422403335571
2396,-1.6357557773590088
2397,-1.6338608264923096
2398,-1.6359144449234009
2399,-1.6333643198013306
2400,-1.6301153898239136
2401,-1.6319197416305542
2402,-1.6287235021591187
2403,-1.6305829286575317
2404,-1.6290295124053955
2405,-1.6287693977355957
2406,-1.6311513185501099
2407,-1.6347893476486206
2408,-1.6355780363082886
2409,-1.6396639347076416
2410,-1.6410722732543945
2411,-1.6361286640167236
2412,-1.6322914361953735
2413,-1.6378816366195679
2414,-1.628886103630066
2415,-1.627329707145691
2416,-1.635427474975586
2417,-1.6339004039764404
2418,-1.6352916955947876
2419,-1.6360994577407837
2420,-1.6374009847640991
2421,-1.6324775218963623
2422,-1.6345434188842773
2423,-1.6306777000427246
2424,-1.6307700872421265
2425,-1.6365474462509155
2426,-1.6307551860809326
2427,-1.6319732666015625
2428,-1.6347078084945679
2429,-1.6297850608825684
2430,-1.6306791305541992
2431,-1.6309338808059692
2432,-1.6315559148788452
2433,-1.6365171670913696
2434,-1.6358791589736938
2435,-1.6282720565795898
2436,-1.6327834129333496
2437,-1.6337251663208008
2438,-1.6370326280593872
2439,-1.6338531970977783
2440,-1.629142165184021
2441,-1.6339877843856812
2442,-1.6308560371398926
2443,-1.6314470767974854
2444,-1.6294338703155518
2445,-1.636100172996521
2446,-1.6318278312683105
2447,-1.628901720046997
2448,-1.6321120262145996
2449,-1.6358455419540405
2450,-1.6297848224639893
2451,-1.6318761110305786
2452,-1.6318539381027222
2453,-1.6299537420272827
2454,-1.62869131565094
2455,-1.6320562362670898
2456,-1.6300426721572876
2457,-1.6343202590942383
2458,-1.6300177574157715
2459,-1.6300333738327026
2460,-1.630347490310669
2461,-1.6326953172683716
2462,-1.6326261758804321
2463,-1.6316169500350952
2464,-1.633204460144043
2465,-1.6303781270980835
2466,-1.6291836500167847
2467,-1.6310901641845703
2468,-1.6369887590408325
2469,-1.6306648254394531
2470,-1.6321709156036377
2471,-1.6305911540985107
2472,-1.6367640495300293
2473,-1.635406255722046
2474,-1.638716697692871
2475,-1.6330519914627075
2476,-1.6327840089797974
2477,-1.6368772983551025
2478,-1.635922908782959
2479,-1.6369454860687256
2480,-1.6321699619293213
2481,-1.6324942111968994
2482,-1.6332281827926636
2483,-1.6339764595031738
2484,-1.6364271640777588
2485,-1.6340371370315552
2486,-1.6356189250946045
2487,-1.634521245956421
2488,-1.6388781070709229
2489,-1.6309990882873535
2490,-1.6360688209533691
2491,-1.6358795166015625
2492,-1.6341931819915771
2493,-1.635886549949646
2494,-1.6370480060577393
2495,-1.6345864534378052
2496,-1.6358171701431274
2497,-1.6335235834121704
2498,-1.6337995529174805
2499,-1.6347558498382568
2500,-1.634060263633728
2501,-1.633217692375183
2502,-1.6312987804412842
2503,-1.6336740255355835
2504,-1.635484218597412
2505,-1.6353565454483032
2506,-1.6323187351226807
2507,-1.6318241357803345
2508,-1.6354306936264038
2509,-1.6345560550689697
2510,-1.6368387937545776
2511,-1.6378599405288696
2512,-1.6329920291900635
2513,-1.6367026567459106
2514,-1.636796236038208
2515,-1.634932279586792
2516,-1.6349588632583618
2517,-1.6319185495376587
2518,-1.6334466934204102
2519,-1.6329426765441895
2520,-1.6330244541168213
2521,-1.6348034143447876
2522,-1.6355708837509155
2523,-1.6341923475265503
2524,-1.6327236890792847
2525,-1.630768895149231
2526,-1.6331171989440918
2527,-1.6313780546188354
2528,-1.6334028244018555
2529,-1.633602499961853
2530,-1.6350014209747314
2531,-1.6347341537475586
2532,-1.6342436075210571
2533,-1.6346930265426636
2534,-1.6317670345306396
2535,-1.6329255104064941
2536,-1.634641170501709
2537,-1.63927161693573
2538,-1.6299896240234375
2539,-1.634405493736267
2540,-1.630728840827942
2541,-1.6301831007003784
2542,-1.6339010000228882
2543,-1.6318600177764893
2544,-1.632590889930725
2545,-1.6315736770629883
2546,-1.6318128108978271
2547,-1.6336637735366821
2548,-1.6285929679870605
2549,-1.6295443773269653
2550,-1.6295737028121948
2551,-1.6375421285629272
2552,-1.6341034173965454
2553,-1.6349486112594604
2554,-1.6295310258865356
2555,-1.6320586204528809
2556,-1.6329246759414673
2557,-1.6334139108657837
2558,-1.6273367404937744
2559,-1.6340357065200806
2560,-1.6344047784805298
2561,-1.6231228113174438
2562,-1.6234387159347534
2563,-1.6335089206695557
2564,-1.6336184740066528
2565,-1.6303547620773315
2566,-1.628587007522583
2567,-1.6342506408691406
2568,-1.630550503730774
2569,-1.6274656057357788
2570,-1.6292858123779297
2571,-1.6340709924697876
2572,-1.6311553716659546
2573,-1.6360962390899658
2574,-1.633185625076294
2575,-1.6337312459945679
2576,-1.628845453262329
2577,-1.6291368007659912
2578,-1.632320523262024
2579,-1.6307392120361328
2580,-1.6301629543304443
2581,-1.6298091411590576
2582,-1.6293865442276
2583,-1.6318323612213135
2584,-1.632598876953125
2585,-1.6339545249938965
2586,-1.6329171657562256
2587,-1.6327935457229614
2588,-1.6368002891540527
2589,-1.6291289329528809
2590,-1.6360995769500732
2591,-1.631858229637146
2592,-1.6327412128448486
2593,-1.6364688873291016
2594,-1.6298952102661133
2595,-1.6301785707473755
2596,-1.631715178489685
2597,-1.6284292936325073
2598,-1.6300292015075684
2599,-1.62777578830719
2600,-1.63546884059906
2601,-1.6287657022476196
2602,-1.6369792222976685
2603,-1.6342719793319702
2604,-1.6337121725082397
2605,-1.6318696737289429
2606,-1.6335302591323853
2607,-1.6319475173950195
2608,-1.6310280561447144
2609,-1.6343891620635986
2610,-1.6318469047546387
2611,-1.6323124170303345
2612,-1.6328239440917969
2613,-1.6297085285186768
2614,-1.6281546354293823
2615,-1.6303317546844482
2616,-1.6333327293395996
2617,-1.6286853551864624
2618,-1.6326721906661987
2619,-1.6321630477905273
2620,-1.633780837059021
2621,-1.628067135810852
2622,-1.6282728910446167
2623,-1.634368896484375
2624,-1.628379464149475
2625,-1.6300286054611206
2626,-1.6295040845870972
2627,-1.627069354057312
2628,-1.6332130432128906
2629,-1.6321083307266235
2630,-1.6368842124938965
2631,-1.632649302482605
2632,-1.6370221376419067
2633,-1.6320712566375732
2634,-1.6295814514160156
2635,-1.630875587463379
2636,-1.6390453577041626
2637,-1.6331288814544678
2638,-1.6285532712936401
2639,-1.6259596347808838
2640,-1.6360440254211426
2641,-1.6327968835830688
2642,-1.6283918619155884
2643,-1.6340277194976807
2644,-1.6350711584091187
2645,-1.6321204900741577
2646,-1.6305755376815796
2647,-1.6370774507522583
2648,-1.6337273120880127
2649,-1.6300208568572998
2650,-1.6323919296264648
2651,-1.631147027015686
2652,-1.6383261680603027
2653,-1.6356505155563354
2654,-1.6390377283096313
2655,-1.630342721939087
2656,-1.6347291469573975
2657,-1.6319175958633423
2658,-1.6303801536560059
2659,-1.633767008781433
2660,-1.636465311050415
2661,-1.632800817489624
2662,-1.6315797567367554
2663,-1.6358458995819092
2664,-1.6304988861083984
2665,-1.6320713758468628
2666,-1.6310826539993286
2667,-1.6304932832717896
2668,-1.6324405670166016
2669,-1.6323970556259155
2670,-1.631331443786621
2671,-1.6364284753799438
2672,-1.630767822265625
2673,-1.6318293809890747
2674,-1.6349608898162842
2675,-1.6354620456695557
2676,-1.6357924938201904
2677,-1.6314579248428345
2678,-1.6308118104934692
2679,-1.6301158666610718
2680,-1.631188988685608
2681,-1.6360063552856445
2682,-1.6352119445800781
2683,-1.6352739334106445
2684,-1.6351401805877686
2685,-1.6366902589797974
2686,-1.6353377103805542
2687,-1.6372050046920776
2688,-1.633647084236145
2689,-1.632068157196045
2690,-1.6364688873291016
2691,-1.631470799446106
2692,-1.6326602697372437
2693,-1.634822964668274
2694,-1.6345733404159546
2695,-1.6328068971633911
2696,-1.6335211992263794
2697,-1.6346274614334106
2698,-1.6301285028457642
2699,-1.6295148134231567
2700,-1.6290422677993774
2701,-1.6308672428131104
2702,-1.6314456462860107
2703,-1.6310782432556152
